CREATE TABLE EMPLOYEE(
  EMPID VARCHAR(50) NOT NULL PRIMARY KEY,
  EMPNAME VARCHAR(20),SEX VARCHAR(10),
  BIRTHDATE DATE,POLITICAL VARCHAR(20),
  NATIONAL VARCHAR(20),
  ORIGIN VARCHAR(20),
  HEIGHT DOUBLE,WEIGHT DOUBLE,
  HEALTHCONDITION VARCHAR(20),
  STATUSID VARCHAR(50),
  QUALIFICATION VARCHAR(20),
  SCHOOL VARCHAR(50),
  MAJOR VARCHAR(50),
  ADDRESS VARCHAR(100),
  ZIPCODE VARCHAR(20),
  EMAIL VARCHAR(50),
  TEL VARCHAR(50),
  LANGUAGE VARCHAR(50),
  LEVER VARCHAR(20),
  COMPUTER VARCHAR(50),
  GRADUATED DATE,
  REPORTDATE DATE,
  TITLE VARCHAR(20),
  EDUCATION VARCHAR(1000),
  WORKEXPERIENCE VARCHAR(2000),
  PHOTO VARBINARY(32000),
  WRITEDATE DATE,SALARY DOUBLE
);


INSERT INTO EMPLOYEE(EMPID,EMPNAME,SEX,BIRTHDATE,POLITICAL,NATIONAL,ORIGIN,HEIGHT,WEIGHT,HEALTHCONDITION,STATUSID,QUALIFICATION,SCHOOL,MAJOR,ADDRESS,ZIPCODE,EMAIL,TEL,LANGUAGE,LEVER,COMPUTER,GRADUATED,REPORTDATE,TITLE,EDUCATION,WORKEXPERIENCE,PHOTO,WRITEDATE,SALARY) VALUES('1001','Janet','Female','1977-8-5','党员','hanzu','江苏',170,60,'健康','320211197708052424','Bachelor','NanJing University','science and technology','','210046','janet@163.com','13876567789','English','four','four','2001-7-1','2001-9-2','Sales Representative','wu','',null,'2001-9-2',3000);
INSERT INTO EMPLOYEE(EMPID,EMPNAME,SEX,BIRTHDATE,POLITICAL,NATIONAL,ORIGIN,HEIGHT,WEIGHT,HEALTHCONDITION,STATUSID,QUALIFICATION,SCHOOL,MAJOR,ADDRESS,ZIPCODE,EMAIL,TEL,LANGUAGE,LEVER,COMPUTER,GRADUATED,REPORTDATE,TITLE,EDUCATION,WORKEXPERIENCE,PHOTO,WRITEDATE,SALARY) VALUES('1002','Margaret','Female','1967-5-21','党员','hanzu','上海',168,56,'健康','320211196705213563','Bachelor','NanJing University','science and technology','','210098','margaret@gmail.com','13987654678','English','six','four','2001-7-1','2001-9-1','Sales Representative','wu','',null,'2001-9-1',3000);
INSERT INTO EMPLOYEE(EMPID,EMPNAME,SEX,BIRTHDATE,POLITICAL,NATIONAL,ORIGIN,HEIGHT,WEIGHT,HEALTHCONDITION,STATUSID,QUALIFICATION,SCHOOL,MAJOR,ADDRESS,ZIPCODE,EMAIL,TEL,LANGUAGE,LEVER,COMPUTER,GRADUATED,REPORTDATE,TITLE,EDUCATION,WORKEXPERIENCE,PHOTO,WRITEDATE,SALARY) VALUES('1003','Laura','Female','1967-10-21','党员','hanzu','浙江',175,55,'健康','320211196710213454','Bachelor','NanJing University','science and technology','','270034','laura@sohu.com','13476789098','English','six','four','2001-7-1','2001-9-1','Inside Sales Coordinator','wu','',null,'2001-9-1',3500);
INSERT INTO EMPLOYEE(EMPID,EMPNAME,SEX,BIRTHDATE,POLITICAL,NATIONAL,ORIGIN,HEIGHT,WEIGHT,HEALTHCONDITION,STATUSID,QUALIFICATION,SCHOOL,MAJOR,ADDRESS,ZIPCODE,EMAIL,TEL,LANGUAGE,LEVER,COMPUTER,GRADUATED,REPORTDATE,TITLE,EDUCATION,WORKEXPERIENCE,PHOTO,WRITEDATE,SALARY) VALUES('1004','Nancy','Female','1970-3-10','团员','hanzu','浙江',166,52,'健康','320211197003102423','Bachelor','Peking University','Economics','','270023','nancy@gmail.com','13587659876','English','six','four','2002-7-1','2002-10-1','Sales Representative','wu','',null,'2002-10-1',3000);
INSERT INTO EMPLOYEE(EMPID,EMPNAME,SEX,BIRTHDATE,POLITICAL,NATIONAL,ORIGIN,HEIGHT,WEIGHT,HEALTHCONDITION,STATUSID,QUALIFICATION,SCHOOL,MAJOR,ADDRESS,ZIPCODE,EMAIL,TEL,LANGUAGE,LEVER,COMPUTER,GRADUATED,REPORTDATE,TITLE,EDUCATION,WORKEXPERIENCE,PHOTO,WRITEDATE,SALARY) VALUES('1005','Andrew','Male','1972-4-30','党员','hanzu','江苏',180,62,'健康','320220197204305543','Bachelor','Chicago State University','science and technology','','210003','andrew@gmail.com','13987656789','English','six','four','2001-7-1','2002-10-2','Vice President Sales','wu','',null,'2002-10-2',7000);
INSERT INTO EMPLOYEE(EMPID,EMPNAME,SEX,BIRTHDATE,POLITICAL,NATIONAL,ORIGIN,HEIGHT,WEIGHT,HEALTHCONDITION,STATUSID,QUALIFICATION,SCHOOL,MAJOR,ADDRESS,ZIPCODE,EMAIL,TEL,LANGUAGE,LEVER,COMPUTER,GRADUATED,REPORTDATE,TITLE,EDUCATION,WORKEXPERIENCE,PHOTO,WRITEDATE,SALARY) VALUES('1006','Michael','Male','1980-5-31','党员','hanzu','山东',175,58,'健康','320212198005312234','Bachelor','Peking University','Communication','','310098','michael@gmail.com','15198764578','English','four','three','2001-7-1','2001-9-1','Sales Representative','wu','',null,'2001-9-1',3000);
INSERT INTO EMPLOYEE(EMPID,EMPNAME,SEX,BIRTHDATE,POLITICAL,NATIONAL,ORIGIN,HEIGHT,WEIGHT,HEALTHCONDITION,STATUSID,QUALIFICATION,SCHOOL,MAJOR,ADDRESS,ZIPCODE,EMAIL,TEL,LANGUAGE,LEVER,COMPUTER,GRADUATED,REPORTDATE,TITLE,EDUCATION,WORKEXPERIENCE,PHOTO,WRITEDATE,SALARY) VALUES('1007','Robert','Male','1977-3-18','团员','hanzu','山东',180,70,'健康','320222197703182232','master','Chicago State University','Marketing','','310098','robot@163.com','13987670989','English','four','three','2000-7-1','2002-10-1','Sales Representative','wu','',null,'2002-10-1',3000);
INSERT INTO EMPLOYEE(EMPID,EMPNAME,SEX,BIRTHDATE,POLITICAL,NATIONAL,ORIGIN,HEIGHT,WEIGHT,HEALTHCONDITION,STATUSID,QUALIFICATION,SCHOOL,MAJOR,ADDRESS,ZIPCODE,EMAIL,TEL,LANGUAGE,LEVER,COMPUTER,GRADUATED,REPORTDATE,TITLE,EDUCATION,WORKEXPERIENCE,PHOTO,WRITEDATE,SALARY) VALUES('1008','Steven','Male','1976-1-19','团员','hanzu','江苏',182,77,'健康','320211197601193423','master','University of Arizona','Marketing','','213420','steven@163.com','13898659898','English','six','three','1999-7-1','2001-5-2','Sales Representative','wu','',null,'2001-5-2',3000);
INSERT INTO EMPLOYEE(EMPID,EMPNAME,SEX,BIRTHDATE,POLITICAL,NATIONAL,ORIGIN,HEIGHT,WEIGHT,HEALTHCONDITION,STATUSID,QUALIFICATION,SCHOOL,MAJOR,ADDRESS,ZIPCODE,EMAIL,TEL,LANGUAGE,LEVER,COMPUTER,GRADUATED,REPORTDATE,TITLE,EDUCATION,WORKEXPERIENCE,PHOTO,WRITEDATE,SALARY) VALUES('1009','Anna','Female','1975-5-16','团员','hanzu','浙江',170,54,'健康','320211197505162342','master','University of Arizona','science and technology','','270809','anna@gmail.com','13487657889','English','six','three','1999-7-1','2001-5-2','Sales Representative','wu','',null,'2001-5-2',3000);
INSERT INTO EMPLOYEE(EMPID,EMPNAME,SEX,BIRTHDATE,POLITICAL,NATIONAL,ORIGIN,HEIGHT,WEIGHT,HEALTHCONDITION,STATUSID,QUALIFICATION,SCHOOL,MAJOR,ADDRESS,ZIPCODE,EMAIL,TEL,LANGUAGE,LEVER,COMPUTER,GRADUATED,REPORTDATE,TITLE,EDUCATION,WORKEXPERIENCE,PHOTO,WRITEDATE,SALARY) VALUES('1010','Jackie','Male','1975-12-12','群众','hanzu','上海',172,56,'健康','320222198007147765','master','University of Arizona','Communication','','210002','jackie@163.com','13098987868','Japanese','three','four','2000-7-1','2001-5-2','Sales Manager','wu','',null,'2001-5-2',10000);
INSERT INTO EMPLOYEE(EMPID,EMPNAME,SEX,BIRTHDATE,POLITICAL,NATIONAL,ORIGIN,HEIGHT,WEIGHT,HEALTHCONDITION,STATUSID,QUALIFICATION,SCHOOL,MAJOR,ADDRESS,ZIPCODE,EMAIL,TEL,LANGUAGE,LEVER,COMPUTER,GRADUATED,REPORTDATE,TITLE,EDUCATION,WORKEXPERIENCE,PHOTO,WRITEDATE,SALARY) VALUES('1011','Rechia','Male','1980-7-14','团员','hanzu','江苏',177,68,'健康','320111198007143232','Bachelor','Peking University','English','','210003','rechia@163.com','13365787656','Japanese','two','four','2000-7-1','2001-10-1','Sales Representative','wu','',null,'2001-10-1',3000);
INSERT INTO EMPLOYEE(EMPID,EMPNAME,SEX,BIRTHDATE,POLITICAL,NATIONAL,ORIGIN,HEIGHT,WEIGHT,HEALTHCONDITION,STATUSID,QUALIFICATION,SCHOOL,MAJOR,ADDRESS,ZIPCODE,EMAIL,TEL,LANGUAGE,LEVER,COMPUTER,GRADUATED,REPORTDATE,TITLE,EDUCATION,WORKEXPERIENCE,PHOTO,WRITEDATE,SALARY) VALUES('1012','Tom','Male','1979-9-9','团员','hanzu','浙江',170,70,'健康','320222197909094543','master','tsinghua University','Legel','','270909','tom@163.com','13386658999','Japanese','two','four','1998-7-1','2001-10-1','Inside Sales Coordinator','wu','',null,'2001-10-1',7000);
INSERT INTO EMPLOYEE(EMPID,EMPNAME,SEX,BIRTHDATE,POLITICAL,NATIONAL,ORIGIN,HEIGHT,WEIGHT,HEALTHCONDITION,STATUSID,QUALIFICATION,SCHOOL,MAJOR,ADDRESS,ZIPCODE,EMAIL,TEL,LANGUAGE,LEVER,COMPUTER,GRADUATED,REPORTDATE,TITLE,EDUCATION,WORKEXPERIENCE,PHOTO,WRITEDATE,SALARY) VALUES('1013','Selina','Female','1978-6-21','群众','hanzu','江苏',165,55,'健康','320222197806218765','Bachelor','tsinghua University','Management Science','','234201','selina@163.com','13098768787','Japanese','three','three','1999-7-1','2001-5-2','Inside Sales Coordinator','wu','',null,'2001-5-2',7000);
INSERT INTO EMPLOYEE(EMPID,EMPNAME,SEX,BIRTHDATE,POLITICAL,NATIONAL,ORIGIN,HEIGHT,WEIGHT,HEALTHCONDITION,STATUSID,QUALIFICATION,SCHOOL,MAJOR,ADDRESS,ZIPCODE,EMAIL,TEL,LANGUAGE,LEVER,COMPUTER,GRADUATED,REPORTDATE,TITLE,EDUCATION,WORKEXPERIENCE,PHOTO,WRITEDATE,SALARY) VALUES('1014','Eve','Female','1977-5-18','党员','hanzu','江苏',176,60,'健康','320222197705187345','Bachelor','University of California','Management Science','','210342','eve@gmail.com','13265667876','Japanese','two','three','2000-7-1','2002-5-1','Sales Representative','wu','',null,'2002-5-1',3000);
INSERT INTO EMPLOYEE(EMPID,EMPNAME,SEX,BIRTHDATE,POLITICAL,NATIONAL,ORIGIN,HEIGHT,WEIGHT,HEALTHCONDITION,STATUSID,QUALIFICATION,SCHOOL,MAJOR,ADDRESS,ZIPCODE,EMAIL,TEL,LANGUAGE,LEVER,COMPUTER,GRADUATED,REPORTDATE,TITLE,EDUCATION,WORKEXPERIENCE,PHOTO,WRITEDATE,SALARY) VALUES('1015','Bob','Male','1980-7-24','群众','hanzu','江苏',178,67,'健康','320222198007249434','master','Chicago State University','Communication','','210046','bob@163.com','18976787665','Japanese','two','three','2000-7-1','2002-6-1','Sales Representative','wu','',null,'2002-6-1',3000);
INSERT INTO EMPLOYEE(EMPID,EMPNAME,SEX,BIRTHDATE,POLITICAL,NATIONAL,ORIGIN,HEIGHT,WEIGHT,HEALTHCONDITION,STATUSID,QUALIFICATION,SCHOOL,MAJOR,ADDRESS,ZIPCODE,EMAIL,TEL,LANGUAGE,LEVER,COMPUTER,GRADUATED,REPORTDATE,TITLE,EDUCATION,WORKEXPERIENCE,PHOTO,WRITEDATE,SALARY) VALUES('1016','Annasu','Female','1983-3-21','党员','hanzu','上海',168,64,'健康','320211198303216322','Bachelor','Tsinghua University','science and technology','','214026','annasu@163.com','13876789887','English','four','three','2005-7-1','2006-8-1','Inside Sales Coordinator','wu','',null,'2006-8-1',7000);
INSERT INTO EMPLOYEE(EMPID,EMPNAME,SEX,BIRTHDATE,POLITICAL,NATIONAL,ORIGIN,HEIGHT,WEIGHT,HEALTHCONDITION,STATUSID,QUALIFICATION,SCHOOL,MAJOR,ADDRESS,ZIPCODE,EMAIL,TEL,LANGUAGE,LEVER,COMPUTER,GRADUATED,REPORTDATE,TITLE,EDUCATION,WORKEXPERIENCE,PHOTO,WRITEDATE,SALARY) VALUES('1017','Happy','Male','1983-7-22','群众','hanzu','山东',150,50,'健康','320222198307229876','master','Tsinghua University','science and technology','','214000','happy@gmail.com','13676567876','Japanese','two','three','2005-7-1','2006-8-1','Sales Manager','wu','',null,'2006-8-1',10000);
INSERT INTO EMPLOYEE(EMPID,EMPNAME,SEX,BIRTHDATE,POLITICAL,NATIONAL,ORIGIN,HEIGHT,WEIGHT,HEALTHCONDITION,STATUSID,QUALIFICATION,SCHOOL,MAJOR,ADDRESS,ZIPCODE,EMAIL,TEL,LANGUAGE,LEVER,COMPUTER,GRADUATED,REPORTDATE,TITLE,EDUCATION,WORKEXPERIENCE,PHOTO,WRITEDATE,SALARY) VALUES('1018','Susan','Female','1984-3-21','群众','hanzu','江苏',166,52,'健康','320223198403214323','Bachelor','University of Arizona','Management Science','','210098','susan@163.com','15876567876','Japanese','two','four','2006-7-1','2006-8-1','Sales Representative','wu','',null,'2006-8-1',3000);
INSERT INTO EMPLOYEE(EMPID,EMPNAME,SEX,BIRTHDATE,POLITICAL,NATIONAL,ORIGIN,HEIGHT,WEIGHT,HEALTHCONDITION,STATUSID,QUALIFICATION,SCHOOL,MAJOR,ADDRESS,ZIPCODE,EMAIL,TEL,LANGUAGE,LEVER,COMPUTER,GRADUATED,REPORTDATE,TITLE,EDUCATION,WORKEXPERIENCE,PHOTO,WRITEDATE,SALARY) VALUES('1019','Geoge','Male','1984-6-2','团员','hanzu','江苏',168,61,'健康','321243198406024323','Bachelor','Chicago State University','Communication','','210034','geoge@163.com','13565443678','English','four','four','2006-7-1','2006-8-1','Sales Representative','wu','',null,'2006-8-1',3000);
INSERT INTO EMPLOYEE(EMPID,EMPNAME,SEX,BIRTHDATE,POLITICAL,NATIONAL,ORIGIN,HEIGHT,WEIGHT,HEALTHCONDITION,STATUSID,QUALIFICATION,SCHOOL,MAJOR,ADDRESS,ZIPCODE,EMAIL,TEL,LANGUAGE,LEVER,COMPUTER,GRADUATED,REPORTDATE,TITLE,EDUCATION,WORKEXPERIENCE,PHOTO,WRITEDATE,SALARY) VALUES('1020','White','Male','1984-7-18','群众','hanzu','山东',163,55,'健康','321234198407182534','Bachelor','Peking University','Management Science','','270012','white@163.com','13032234543','English','six','four','2006-7-1','2006-9-1','Sales Representative','wu','',null,'2006-9-1',3000);
INSERT INTO EMPLOYEE(EMPID,EMPNAME,SEX,BIRTHDATE,POLITICAL,NATIONAL,ORIGIN,HEIGHT,WEIGHT,HEALTHCONDITION,STATUSID,QUALIFICATION,SCHOOL,MAJOR,ADDRESS,ZIPCODE,EMAIL,TEL,LANGUAGE,LEVER,COMPUTER,GRADUATED,REPORTDATE,TITLE,EDUCATION,WORKEXPERIENCE,PHOTO,WRITEDATE,SALARY) VALUES('1021','Sheep','Female','1985-1-1','党员','hanzu','浙江',167,58,'健康','320211198501013625','Bachelor','Tsinghua University','Communication','','210002','sheep@sohu.com','13365434567','English','six','three','2007-7-1','2007-8-1','Sales Representative','wu','',null,'2007-8-1',3000);
INSERT INTO EMPLOYEE(EMPID,EMPNAME,SEX,BIRTHDATE,POLITICAL,NATIONAL,ORIGIN,HEIGHT,WEIGHT,HEALTHCONDITION,STATUSID,QUALIFICATION,SCHOOL,MAJOR,ADDRESS,ZIPCODE,EMAIL,TEL,LANGUAGE,LEVER,COMPUTER,GRADUATED,REPORTDATE,TITLE,EDUCATION,WORKEXPERIENCE,PHOTO,WRITEDATE,SALARY) VALUES('1022','Evelyn','Female','1985-12-3','党员','hanzu','上海',166,53,'健康','321232198512033234','master','Chicago State University','Economics','','210000','evelyn@sohu.com','13354345678','Japanese','two','three','2007-7-1','2008-8-1','Inside Sales Coordinator','wu','',null,'2008-8-1',7000);
INSERT INTO EMPLOYEE(EMPID,EMPNAME,SEX,BIRTHDATE,POLITICAL,NATIONAL,ORIGIN,HEIGHT,WEIGHT,HEALTHCONDITION,STATUSID,QUALIFICATION,SCHOOL,MAJOR,ADDRESS,ZIPCODE,EMAIL,TEL,LANGUAGE,LEVER,COMPUTER,GRADUATED,REPORTDATE,TITLE,EDUCATION,WORKEXPERIENCE,PHOTO,WRITEDATE,SALARY) VALUES('1023','Sky','Male','1985-12-16','群众','hanzu','上海',166,48,'健康','321234198512163514','master','Peking University','Economics','','310022','sky@sohu.com','15987654567','English','four','two','2007-7-1','2008-9-1','Inside Sales Coordinator','wu','',null,'2008-9-1',7000);
INSERT INTO EMPLOYEE(EMPID,EMPNAME,SEX,BIRTHDATE,POLITICAL,NATIONAL,ORIGIN,HEIGHT,WEIGHT,HEALTHCONDITION,STATUSID,QUALIFICATION,SCHOOL,MAJOR,ADDRESS,ZIPCODE,EMAIL,TEL,LANGUAGE,LEVER,COMPUTER,GRADUATED,REPORTDATE,TITLE,EDUCATION,WORKEXPERIENCE,PHOTO,WRITEDATE,SALARY) VALUES('1024','Zero','Female','1986-5-4','群众','hanzu','上海',167,60,'健康','321211198605047362','Bachelor','University of California','Marketing','','230023','zero@163.com','18987656789','English','four','two','2008-7-1','2008-9-1','Sales Representative','wu','',null,'2008-9-1',3000);
INSERT INTO EMPLOYEE(EMPID,EMPNAME,SEX,BIRTHDATE,POLITICAL,NATIONAL,ORIGIN,HEIGHT,WEIGHT,HEALTHCONDITION,STATUSID,QUALIFICATION,SCHOOL,MAJOR,ADDRESS,ZIPCODE,EMAIL,TEL,LANGUAGE,LEVER,COMPUTER,GRADUATED,REPORTDATE,TITLE,EDUCATION,WORKEXPERIENCE,PHOTO,WRITEDATE,SALARY) VALUES('1025','Fanny','Female','1986-7-1','党员','hanzu','江苏',170,62,'健康','321122198607017365','Bachelor','Chicago State University','Marketing','252290','fanny@163.com','18987656787','Japanese','two','three','2008-7-1','2008-9-1','Sales Representative','wu','',null,'2008-9-1',3000);

CREATE TABLE ORDERS(
  ORDERID VARCHAR(50) NOT NULL PRIMARY KEY,
  CUSTOMERID VARCHAR(50),
  EMPID VARCHAR(50),
  SIGNDATE DATE,
  SHIPDATE DATE,
  PAYMETHOD VARCHAR(20),
  SHIPMETHOD VARCHAR(20),
  SHIPPORT VARCHAR(20),
  AMOUNT DOUBLE,
  PAID DOUBLE
);


INSERT INTO ORDERS VALUES('10001','1','1001','2008-01-01','2008-01-04','credit','UPS','A',53500,53500);
INSERT INTO ORDERS VALUES('10002','2','1002','2008-01-02','2008-01-14','credit','DHL','B',51000,0);
INSERT INTO ORDERS VALUES('10003','3','1003','2008-01-03','2008-01-08','credit','UPS','C',45500,45500);
INSERT INTO ORDERS VALUES('10004','4','1002','2008-01-07','2008-01-10','credit','Emery','D',70600,70600);
INSERT INTO ORDERS VALUES('10005','5','1006','2008-01-08','2008-01-12','visa','UPS','A',26000,26000);
INSERT INTO ORDERS VALUES('10006','6','1009','2008-01-09','2008-01-21','visa','UPS','B',67500,67500);
INSERT INTO ORDERS VALUES('10007','7','1007','2008-01-11','2008-01-16','visa','US Mail','C',92000,0);
INSERT INTO ORDERS VALUES('10008','8','1010','2008-01-14','2008-01-24','visa','UPS','D',52000,52000);
INSERT INTO ORDERS VALUES('10009','9','1008','2008-01-15','2008-01-28','credit','UPS','D',46800,46800);
INSERT INTO ORDERS VALUES('10010','10','1011','2008-01-17','2008-01-19','visa','DHL','A',44000,44000);
INSERT INTO ORDERS VALUES('10011','11','1025','2008-01-22','2008-02-04','visa','DHL','B',96000,0);
INSERT INTO ORDERS VALUES('10012','12','1023','2008-01-13','2008-01-15','visa','Emery','C',59500,59500);
INSERT INTO ORDERS VALUES('10013','13','1020','2008-01-24','2008-01-28','visa','US Mail','D',49500,49500);
INSERT INTO ORDERS VALUES('10014','14','1019','2008-01-28','2008-01-30','visa','Emery','A',58000,58000);
INSERT INTO ORDERS VALUES('10015','15','1015','2008-01-29','2008-02-02','credit','US Mail','B',80000,0);
INSERT INTO ORDERS VALUES('10016','16','1016','2008-01-30','2008-02-04','credit','UPS','C',70200,0);
INSERT INTO ORDERS VALUES('10017','17','1008','2008-02-01','2008-02-04','credit','UPS','D',112500,112500);
INSERT INTO ORDERS VALUES('10018','18','1007','2008-02-04','2008-02-07','credit','US Mail','D',57500,57500);
INSERT INTO ORDERS VALUES('10019','19','1006','2008-02-05','2008-02-15','credit','Emery','A',81500,81500);
INSERT INTO ORDERS VALUES('10020','20','1016','2008-02-06','2008-02-10','visa','UPS','B',134000,134000);
INSERT INTO ORDERS VALUES('10021','1','1002','2008-02-08','2008-02-11','visa','UPS','C',82000,82000);
INSERT INTO ORDERS VALUES('10022','2','1012','2008-02-11','2008-02-13','visa','Emery','D',37000,0);
INSERT INTO ORDERS VALUES('10023','3','1016','2008-02-12','2008-02-14','visa','DHL','A',132000,132000);
INSERT INTO ORDERS VALUES('10024','4','1017','2008-02-13','2008-02-17','credit','DHL','B',74600,74600);
INSERT INTO ORDERS VALUES('10025','5','1018','2008-02-19','2008-02-24','credit','Emery','A',76000,0);
INSERT INTO ORDERS VALUES('10026','6','1015','2008-02-21','2008-02-23','credit','UPS','B',71500,71500);
INSERT INTO ORDERS VALUES('10027','7','1014','2008-02-22','2008-02-24','credit','UPS','C',155000,155000);
INSERT INTO ORDERS VALUES('10028','8','1001','2008-02-25','2008-02-27','visa','US Mail','D',57500,57500);
INSERT INTO ORDERS VALUES('10029','9','1022','2008-02-26','2008-02-28','credit','Emery','A',41300,41300);
INSERT INTO ORDERS VALUES('10030','10','1004','2008-02-28','2008-03-01','credit','US Mail','B',77500,77500);
INSERT INTO ORDERS VALUES('10031','11','1021','2008-02-29','2008-03-02','credit','US Mail','C',64000,64000);
INSERT INTO ORDERS VALUES('10032','12','1009','2008-03-04','2008-03-06','credit','Emery','D',64500,0);
INSERT INTO ORDERS VALUES('10033','13','1011','2008-03-05','2008-03-07','visa','Emery','A',95600,95600);
INSERT INTO ORDERS VALUES('10034','14','1012','2008-03-06','2008-03-08','credit','Emery','B',29400,0);
INSERT INTO ORDERS VALUES('10035','15','1002','2008-03-10','2008-03-12','visa','US Mail','C',74100,74100);
INSERT INTO ORDERS VALUES('10036','16','1004','2008-03-12','2008-03-14','visa','DHL','D',145500,145500);
INSERT INTO ORDERS VALUES('10037','17','1005','2008-03-13','2008-03-15','visa','DHL','A',112500,0);
INSERT INTO ORDERS VALUES('10038','18','1022','2008-03-14','2008-03-16','credit','DHL','B',44000,44000);
INSERT INTO ORDERS VALUES('10039','19','1025','2008-03-19','2008-03-21','credit','UPS','C',65300,65300);
INSERT INTO ORDERS VALUES('10040','20','1008','2008-03-21','2008-03-23','visa','UPS','D',90000,90000);
INSERT INTO ORDERS VALUES('10041','1','1009','2008-03-24','2008-03-26','visa','UPS','A',55500,55500);
INSERT INTO ORDERS VALUES('10042','2','1010','2008-03-25','2008-03-27','credit','US Mail','B',68500,0);
INSERT INTO ORDERS VALUES('10043','3','1002','2008-03-28','2008-03-30','visa','US Mail','C',81500,81500);
INSERT INTO ORDERS VALUES('10044','4','1019','2008-04-02','2008-04-04','visa','Emery','D',38800,38800);
INSERT INTO ORDERS VALUES('10045','5','1018','2008-04-03','2008-04-05','credit','Emery','A',51600,51600);
INSERT INTO ORDERS VALUES('10046','6','1015','2008-04-07','2008-04-09','credit','Emery','B',56200,0);
INSERT INTO ORDERS VALUES('10047','7','1005','2008-04-08','2008-04-10','credit','DHL','C',97500,97500);
INSERT INTO ORDERS VALUES('10048','8','1016','2008-04-09','2008-04-11','credit','DHL','D',28700,28700);
INSERT INTO ORDERS VALUES('10049','9','1001','2008-04-11','2008-04-13','credit','DHL','A',37500,37500);
INSERT INTO ORDERS VALUES('10050','10','1022','2008-04-16','2008-04-18','visa','Emery','B',74000,74000);
INSERT INTO ORDERS VALUES('10051','11','1015','2008-04-17','2008-04-19','credit','Emery','C',74000,74000);
INSERT INTO ORDERS VALUES('10052','12','1013','2008-04-21','2008-04-23','visa','US Mail','D',83000,83000);
INSERT INTO ORDERS VALUES('10053','13','1007','2008-04-23','2008-04-25','visa','US Mail','A',39500,0);
INSERT INTO ORDERS VALUES('10054','14','1013','2008-04-24','2008-04-26','visa','UPS','B',54000,54000);
INSERT INTO ORDERS VALUES('10055','15','1014','2008-04-25','2008-04-27','credit','UPS','C',88000,88000);
INSERT INTO ORDERS VALUES('10056','16','1024','2008-04-30','2008-05-02','credit','UPS','D',68700,0);
INSERT INTO ORDERS VALUES('10057','17','1021','2008-05-07','2008-05-09','credit','Emery','A',43500,43500);
INSERT INTO ORDERS VALUES('10058','18','1004','2008-05-08','2008-05-10','visa','Emery','B',48000,48000);
INSERT INTO ORDERS VALUES('10059','19','1005','2008-05-12','2008-05-14','visa','DHL','C',47300,47300);
INSERT INTO ORDERS VALUES('10060','20','1022','2008-05-13','2008-05-15','visa','DHL','D',106000,106000);
INSERT INTO ORDERS VALUES('10061','1','1025','2008-05-14','2008-05-16','visa','US Mail','A',57500,57500);
INSERT INTO ORDERS VALUES('10062','2','1008','2008-05-16','2008-05-18','credit','UPS','B',99500,99500);
INSERT INTO ORDERS VALUES('10063','3','1009','2008-05-19','2008-05-21','credit','UPS','C',104000,0);
INSERT INTO ORDERS VALUES('10064','4','1010','2008-05-21','2008-05-23','credit','DHL','D',90000,90000);
INSERT INTO ORDERS VALUES('10065','5','1002','2008-05-22','2008-05-24','credit','DHL','A',77600,77600);
INSERT INTO ORDERS VALUES('10066','6','1019','2008-05-23','2008-05-25','visa','Emery','B',111200,111200);
INSERT INTO ORDERS VALUES('10067','7','1018','2008-05-28','2008-05-30','visa','US Mail','C',108500,108500);
INSERT INTO ORDERS VALUES('10068','8','1015','2008-05-29','2008-05-31','visa','Emery','D',78000,78000);
INSERT INTO ORDERS VALUES('10069','9','1005','2008-05-31','2008-06-02','visa','Emery','A',42000,0);
INSERT INTO ORDERS VALUES('10070','10','1016','2008-06-02','2008-06-04','visa','US Mail','B',99500,99500);
INSERT INTO ORDERS VALUES('10071','11','1007','2008-06-04','2008-06-06','credit','US Mail','C',57500,57500);
INSERT INTO ORDERS VALUES('10072','12','1006','2008-06-05','2008-06-07','credit','UPS','D',93000,93000);
INSERT INTO ORDERS VALUES('10073','13','1016','2008-06-09','2008-06-11','visa','UPS','A',85500,85500);
INSERT INTO ORDERS VALUES('10074','14','1002','2008-06-10','2008-06-12','visa','UPS','B',78000,78000);
INSERT INTO ORDERS VALUES('10075','15','1012','2008-06-11','2008-06-13','credit','Emery','C',32000,32000);
INSERT INTO ORDERS VALUES('10076','16','1016','2008-06-13','2008-06-15','credit','Emery','D',80200,80200);
INSERT INTO ORDERS VALUES('10077','17','1017','2008-06-16','2008-06-18','visa','DHL','A',44400,44400);
INSERT INTO ORDERS VALUES('10078','18','1018','2008-06-18','2008-06-20','visa','DHL','B',72500,0);
INSERT INTO ORDERS VALUES('10079','19','1015','2008-06-19','2008-06-21','visa','US Mail','C',75500,75500);
INSERT INTO ORDERS VALUES('10080','20','1014','2008-06-20','2008-06-22','visa','UPS','D',65500,65500);
INSERT INTO ORDERS VALUES('10081','1','1001','2008-06-23','2008-06-25','credit','UPS','A',80000,80000);
INSERT INTO ORDERS VALUES('10082','2','1022','2008-06-27','2008-06-29','credit','DHL','B',82000,82000);
INSERT INTO ORDERS VALUES('10083','3','1004','2008-06-30','2008-07-02','credit','DHL','C',81500,0);
INSERT INTO ORDERS VALUES('10084','4','1010','2008-07-02','2008-07-04','visa','Emery','D',55400,55400);
INSERT INTO ORDERS VALUES('10085','5','1002','2008-07-03','2008-07-05','credit','US Mail','A',78000,78000);
INSERT INTO ORDERS VALUES('10086','6','1019','2008-07-04','2008-07-06','visa','Emery','B',110000,110000);
INSERT INTO ORDERS VALUES('10087','7','1018','2008-07-08','2008-07-10','credit','Emery','C',41500,41500);
INSERT INTO ORDERS VALUES('10088','8','1015','2008-07-09','2008-07-11','visa','US Mail','D',84000,84000);
INSERT INTO ORDERS VALUES('10089','9','1005','2008-07-11','2008-07-13','credit','US Mail','A',61500,61500);
INSERT INTO ORDERS VALUES('10090','10','1016','2008-07-15','2008-07-17','visa','UPS','B',72000,72000);
INSERT INTO ORDERS VALUES('10091','11','1001','2008-07-16','2008-07-18','credit','UPS','C',57500,57500);
INSERT INTO ORDERS VALUES('10092','12','1022','2008-07-17','2008-07-19','credit','UPS','D',95000,0);
INSERT INTO ORDERS VALUES('10093','13','1015','2008-07-22','2008-07-24','credit','Emery','A',25500,25500);
INSERT INTO ORDERS VALUES('10094','14','1013','2008-07-23','2008-07-25','credit','Emery','B',86000,86000);
INSERT INTO ORDERS VALUES('10095','15','1007','2008-07-25','2008-07-27','visa','DHL','C',76000,76000);
INSERT INTO ORDERS VALUES('10096','16','1013','2008-07-30','2008-08-01','visa','DHL','D',53200,0);
INSERT INTO ORDERS VALUES('10097','17','1014','2008-07-31','2008-08-02','visa','US Mail','A',41500,41500);
INSERT INTO ORDERS VALUES('10098','18','1024','2008-08-05','2008-08-07','visa','UPS','B',52000,52000);
INSERT INTO ORDERS VALUES('10099','19','1001','2008-08-07','2008-08-09','visa','UPS','C',41500,41500);
INSERT INTO ORDERS VALUES('10100','20','1002','2008-08-08','2008-08-10','visa','DHL','D',29500,29500);
INSERT INTO ORDERS VALUES('10101','1','1003','2008-08-11','2008-08-13','credit','DHL','A',25000,25000);
INSERT INTO ORDERS VALUES('10102','2','1002','2008-08-12','2008-08-14','credit','Emery','B',77000,77000);
INSERT INTO ORDERS VALUES('10103','3','1006','2008-08-14','2008-08-16','credit','US Mail','C',116600,116600);
INSERT INTO ORDERS VALUES('10104','4','1009','2008-08-15','2008-08-17','visa','Emery','D',78000,0);
INSERT INTO ORDERS VALUES('10105','5','1007','2008-08-19','2008-08-21','visa','Emery','A',46000,46000);
INSERT INTO ORDERS VALUES('10106','6','1010','2008-08-20','2008-08-22','visa','US Mail','B',69000,69000);
INSERT INTO ORDERS VALUES('10107','7','1008','2008-08-21','2008-08-23','visa','US Mail','C',110000,110000);
INSERT INTO ORDERS VALUES('10108','8','1011','2008-08-25','2008-08-27','credit','UPS','D',45000,45000);
INSERT INTO ORDERS VALUES('10109','9','1025','2008-08-27','2008-08-29','credit','UPS','A',46800,0);
INSERT INTO ORDERS VALUES('10110','10','1023','2008-08-29','2008-08-31','visa','UPS','B',43500,43500);
INSERT INTO ORDERS VALUES('10111','11','1020','2008-09-02','2008-09-04','visa','Emery','C',57500,57500);
INSERT INTO ORDERS VALUES('10112','12','1019','2008-09-03','2008-09-05','visa','Emery','D',26500,26500);
INSERT INTO ORDERS VALUES('10113','13','1015','2008-09-05','2008-09-07','visa','DHL','A',81500,81500);
INSERT INTO ORDERS VALUES('10114','14','1016','2008-09-08','2008-09-10','credit','DHL','B',94000,0);
INSERT INTO ORDERS VALUES('10115','15','1008','2008-09-09','2008-09-11','credit','US Mail','C',54000,54000);
INSERT INTO ORDERS VALUES('10116','16','1007','2008-09-11','2008-09-13','credit','UPS','D',61200,61200);
INSERT INTO ORDERS VALUES('10117','17','1006','2008-09-15','2008-09-17','credit','UPS','A',39000,39000);
INSERT INTO ORDERS VALUES('10118','18','1015','2008-09-17','2008-09-19','credit','DHL','B',74000,74000);
INSERT INTO ORDERS VALUES('10119','19','1005','2008-09-18','2008-09-20','credit','DHL','C',70000,70000);
INSERT INTO ORDERS VALUES('10120','20','1016','2008-09-23','2008-09-25','visa','Emery','D',29000,0);
INSERT INTO ORDERS VALUES('10121','15','1007','2008-09-24','2008-09-26','visa','US Mail','A',74000,74000);
INSERT INTO ORDERS VALUES('10122','1','1006','2008-09-30','2008-10-02','visa','Emery','B',55000,55000);
INSERT INTO ORDERS VALUES('10123','2','1016','2008-10-08','2008-10-10','visa','Emery','C',135600,135600);
INSERT INTO ORDERS VALUES('10124','3','1002','2008-10-09','2008-10-11','visa','US Mail','D',104600,104600);
INSERT INTO ORDERS VALUES('10125','4','1012','2008-10-13','2008-10-15','credit','US Mail','A',58000,0);
INSERT INTO ORDERS VALUES('10126','5','1016','2008-10-15','2008-10-17','credit','UPS','B',151000,0);
INSERT INTO ORDERS VALUES('10127','6','1017','2008-10-17','2008-10-19','visa','UPS','C',126000,126000);
INSERT INTO ORDERS VALUES('10128','7','1018','2008-10-20','2008-10-22','visa','UPS','D',80000,80000);
INSERT INTO ORDERS VALUES('10129','8','1015','2008-10-24','2008-10-26','visa','Emery','A',30800,0);
INSERT INTO ORDERS VALUES('10130','9','1014','2008-10-28','2008-10-30','credit','Emery','B',98000,98000);
INSERT INTO ORDERS VALUES('10131','10','1001','2008-10-29','2008-10-31','credit','DHL','C',75500,75500);
INSERT INTO ORDERS VALUES('10132','11','1022','2008-10-30','2008-11-01','credit','DHL','D',83000,83000);
INSERT INTO ORDERS VALUES('10133','12','1004','2008-11-03','2008-11-05','credit','US Mail','A',135500,135500);
INSERT INTO ORDERS VALUES('10134','13','1010','2008-11-04','2008-11-06','credit','UPS','B',104000,104000);
INSERT INTO ORDERS VALUES('10135','14','1002','2008-11-06','2008-11-08','visa','UPS','C',58000,58000);
INSERT INTO ORDERS VALUES('10136','15','1019','2008-11-11','2008-11-13','visa','DHL','D',64200,0);
INSERT INTO ORDERS VALUES('10137','16','1018','2008-11-14','2008-11-16','visa','DHL','A',112500,112500);
INSERT INTO ORDERS VALUES('10138','17','1015','2008-11-17','2008-11-19','visa','Emery','B',62000,62000);
INSERT INTO ORDERS VALUES('10139','18','1005','2008-11-19','2008-11-21','credit','US Mail','C',62500,0);
INSERT INTO ORDERS VALUES('10140','19','1016','2008-11-20','2008-11-22','credit','Emery','D',86000,86000);
INSERT INTO ORDERS VALUES('10141','20','1022','2008-11-24','2008-11-26','credit','Emery','A',29500,29500);
INSERT INTO ORDERS VALUES('10142','1','1025','2008-11-28','2008-11-30','visa','US Mail','B',94000,94000);
INSERT INTO ORDERS VALUES('10143','2','1008','2008-12-01','2008-12-03','visa','US Mail','C',124000,124000);
INSERT INTO ORDERS VALUES('10144','3','1009','2008-12-02','2008-12-04','visa','UPS','D',76600,76600);
INSERT INTO ORDERS VALUES('10145','4','1010','2008-12-05','2008-12-07','visa','UPS','A',44000,0);
INSERT INTO ORDERS VALUES('10146','5','1002','2008-12-09','2008-12-11','credit','UPS','B',63700,63700);
INSERT INTO ORDERS VALUES('10147','6','1019','2008-12-10','2008-12-12','credit','Emery','C',61400,61400);
INSERT INTO ORDERS VALUES('10148','7','1018','2008-12-11','2008-12-13','credit','Emery','D',38700,38700);
INSERT INTO ORDERS VALUES('10149','8','1015','2008-12-16','2008-12-18','credit','DHL','A',32800,32800);
INSERT INTO ORDERS VALUES('10150','9','1005','2008-12-18','2008-12-20','visa','DHL','B',75500,0);
INSERT INTO ORDERS VALUES('10151','10','1016','2008-12-24','2008-12-26','visa','US Mail','C',39500,39500);
INSERT INTO ORDERS VALUES('10152','11','1001','2008-12-30','2009-01-01','visa','UPS','D',24000,24000);
INSERT INTO ORDERS VALUES('10153','12','1022','2008-12-31','2009-01-02','visa','UPS','A',98000,98000);
INSERT INTO ORDERS VALUES('10154','13','1015','2009-01-05','2009-01-07','credit','DHL','B',74000,74000);
INSERT INTO ORDERS VALUES('10155','14','1013','2009-01-06','2009-01-08','credit','DHL','C',80000,0);
INSERT INTO ORDERS VALUES('10156','15','1007','2009-01-09','2009-01-11','credit','Emery','D',29200,29200);
INSERT INTO ORDERS VALUES('10157','16','1013','2009-01-13','2009-01-15','credit','US Mail','A',53400,53400);
INSERT INTO ORDERS VALUES('10158','17','1014','2009-01-15','2009-01-17','visa','Emery','B',70000,70000);
INSERT INTO ORDERS VALUES('10159','18','1024','2009-01-16','2009-01-18','visa','Emery','C',57500,57500);
INSERT INTO ORDERS VALUES('10160','19','1021','2009-01-19','2009-01-21','visa','US Mail','D',69500,69500);
INSERT INTO ORDERS VALUES('10161','20','1004','2009-01-21','2009-01-23','credit','US Mail','A',48000,0);
INSERT INTO ORDERS VALUES('10162','1','1005','2009-01-23','2009-01-25','credit','UPS','B',80000,80000);
INSERT INTO ORDERS VALUES('10163','2','1022','2009-01-27','2009-01-29','credit','UPS','C',125600,125600);
INSERT INTO ORDERS VALUES('10164','3','1025','2009-01-28','2009-01-30','credit','UPS','D',56600,56600);
INSERT INTO ORDERS VALUES('10165','4','1008','2009-01-30','2009-02-01','visa','Emery','A',94000,94000);
INSERT INTO ORDERS VALUES('10166','5','1009','2009-01-31','2009-02-02','visa','Emery','B',116000,116000);
INSERT INTO ORDERS VALUES('10167','6','1018','2009-02-03','2009-02-05','visa','DHL','C',120000,120000);
INSERT INTO ORDERS VALUES('10168','7','1015','2009-02-04','2009-02-06','credit','DHL','D',67200,67200);
INSERT INTO ORDERS VALUES('10169','8','1005','2009-02-04','2009-02-06','credit','US Mail','A',46800,46800);
INSERT INTO ORDERS VALUES('10170','9','1016','2009-02-06','2009-02-08','credit','UPS','B',98000,98000);
INSERT INTO ORDERS VALUES('10171','10','1007','2009-02-10','2009-02-12','credit','UPS','C',65500,0);
INSERT INTO ORDERS VALUES('10172','11','1006','2009-02-12','2009-02-14','visa','DHL','D',93000,93000);
INSERT INTO ORDERS VALUES('10173','12','1016','2009-02-13','2009-02-15','credit','DHL','A',99500,0);
INSERT INTO ORDERS VALUES('10174','13','1002','2009-02-16','2009-02-18','visa','Emery','B',86000,86000);
INSERT INTO ORDERS VALUES('10175','14','1012','2009-02-23','2009-02-25','credit','US Mail','C',86000,86000);
INSERT INTO ORDERS VALUES('10176','15','1016','2009-02-26','2009-02-28','visa','Emery','D',26700,0);
INSERT INTO ORDERS VALUES('10177','16','1017','2009-02-27','2009-03-01','credit','Emery','A',120000,120000);
INSERT INTO ORDERS VALUES('10178','17','1018','2009-03-04','2009-03-06','visa','US Mail','B',52000,52000);
INSERT INTO ORDERS VALUES('10179','18','1015','2009-03-05','2009-03-07','credit','US Mail','C',65300,65300);
INSERT INTO ORDERS VALUES('10180','19','1014','2009-03-10','2009-03-12','visa','UPS','D',86000,86000);
INSERT INTO ORDERS VALUES('10181','20','1001','2009-03-12','2009-03-14','visa','UPS','A',59500,59500);
INSERT INTO ORDERS VALUES('10182','1','1022','2009-03-13','2009-03-15','visa','UPS','B',54500,0);
INSERT INTO ORDERS VALUES('10183','2','1004','2009-03-17','2009-03-19','credit','Emery','C',86000,86000);
INSERT INTO ORDERS VALUES('10184','3','1010','2009-03-19','2009-03-21','credit','Emery','D',96600,96600);
INSERT INTO ORDERS VALUES('10185','4','1002','2009-03-20','2009-03-22','credit','DHL','A',46000,46000);
INSERT INTO ORDERS VALUES('10186','5','1019','2009-03-24','2009-03-26','credit','DHL','B',39500,39500);
INSERT INTO ORDERS VALUES('10187','6','1018','2009-03-26','2009-03-28','visa','US Mail','C',34000,34000);
INSERT INTO ORDERS VALUES('10188','7','1015','2009-03-30','2009-04-01','visa','UPS','D',75500,0);
INSERT INTO ORDERS VALUES('10189','8','1005','2009-03-31','2009-04-02','visa','UPS','A',30300,30300);
INSERT INTO ORDERS VALUES('10190','9','1016','2009-04-02','2009-04-04','credit','DHL','B',23500,23500);
INSERT INTO ORDERS VALUES('10191','10','1001','2009-04-03','2009-04-05','credit','DHL','C',69500,69500);
INSERT INTO ORDERS VALUES('10192','11','1022','2009-04-06','2009-04-08','credit','Emery','D',93000,93000);
INSERT INTO ORDERS VALUES('10193','12','1011','2009-04-08','2009-04-10','credit','US Mail','A',102000,0);
INSERT INTO ORDERS VALUES('10194','13','1025','2009-04-10','2009-04-12','visa','Emery','B',32800,32800);
INSERT INTO ORDERS VALUES('10195','14','1023','2009-04-13','2009-04-15','visa','Emery','C',60000,60000);
INSERT INTO ORDERS VALUES('10196','15','1020','2009-04-15','2009-04-17','credit','US Mail','D',70000,70000);
INSERT INTO ORDERS VALUES('10197','16','1019','2009-04-20','2009-04-22','visa','US Mail','A',47500,47500);
INSERT INTO ORDERS VALUES('10198','17','1015','2009-04-22','2009-04-24','credit','UPS','B',49500,49500);
INSERT INTO ORDERS VALUES('10199','18','1016','2009-04-24','2009-04-26','visa','UPS','C',56800,0);
INSERT INTO ORDERS VALUES('10200','19','1008','2009-04-25','2009-04-27','credit','UPS','D',90000,90000);
INSERT INTO ORDERS VALUES('10201','20','1007','2009-04-29','2009-05-01','visa','Emery','A',82000,82000);
INSERT INTO ORDERS VALUES('10202','1','1006','2009-04-30','2009-05-02','credit','Emery','B',59500,59500);
INSERT INTO ORDERS VALUES('10203','2','1016','2009-05-06','2009-05-08','visa','DHL','C',91500,91500);
INSERT INTO ORDERS VALUES('10204','3','1002','2009-05-07','2009-05-09','credit','DHL','D',102000,0);
INSERT INTO ORDERS VALUES('10205','4','1012','2009-05-08','2009-05-10','visa','US Mail','A',116000,116000);
INSERT INTO ORDERS VALUES('10206','5','1016','2009-05-11','2009-05-13','visa','UPS','B',72500,72500);
INSERT INTO ORDERS VALUES('10207','6','1017','2009-05-13','2009-05-15','visa','UPS','C',104000,104000);
INSERT INTO ORDERS VALUES('10208','7','1018','2009-05-15','2009-05-17','visa','DHL','D',98000,98000);
INSERT INTO ORDERS VALUES('10209','8','1015','2009-05-18','2009-05-20','credit','DHL','A',48000,48000);
INSERT INTO ORDERS VALUES('10210','9','1014','2009-05-20','2009-05-22','credit','Emery','B',95500,0);
INSERT INTO ORDERS VALUES('10211','10','1001','2009-05-22','2009-05-24','credit','US Mail','C',104000,104000);
INSERT INTO ORDERS VALUES('10212','11','1022','2009-05-25','2009-05-27','credit','Emery','D',59500,59500);
INSERT INTO ORDERS VALUES('10213','12','1004','2009-05-26','2009-05-28','credit','Emery','A',102000,102000);
INSERT INTO ORDERS VALUES('10214','13','1021','2009-05-27','2009-05-29','visa','US Mail','B',29400,29400);
INSERT INTO ORDERS VALUES('10215','14','1009','2009-05-30','2009-06-01','visa','US Mail','C',116000,116000);
INSERT INTO ORDERS VALUES('10216','15','1011','2009-05-31','2009-06-02','visa','UPS','D',28700,28700);
INSERT INTO ORDERS VALUES('10217','16','1012','2009-06-03','2009-06-05','credit','UPS','A',92000,0);
INSERT INTO ORDERS VALUES('10218','17','1002','2009-06-04','2009-06-06','credit','UPS','B',45200,45200);
INSERT INTO ORDERS VALUES('10219','18','1004','2009-06-08','2009-06-10','credit','Emery','C',72500,72500);
INSERT INTO ORDERS VALUES('10220','19','1005','2009-06-09','2009-06-11','visa','Emery','D',104000,104000);
INSERT INTO ORDERS VALUES('10221','20','1005','2009-06-11','2009-06-13','visa','DHL','A',65500,65500);
INSERT INTO ORDERS VALUES('10222','1','1022','2009-06-12','2009-06-14','visa','DHL','B',97000,0);
INSERT INTO ORDERS VALUES('10223','2','1025','2009-06-17','2009-06-19','visa','US Mail','C',79000,79000);
INSERT INTO ORDERS VALUES('10224','3','1008','2009-06-18','2009-06-20','credit','UPS','D',56600,0);
INSERT INTO ORDERS VALUES('10225','4','1009','2009-06-22','2009-06-24','credit','UPS','A',54000,54000);
INSERT INTO ORDERS VALUES('10226','5','1018','2009-06-23','2009-06-25','credit','DHL','B',120500,120500);
INSERT INTO ORDERS VALUES('10227','6','1015','2009-06-26','2009-06-28','credit','DHL','C',112500,0);
INSERT INTO ORDERS VALUES('10228','7','1005','2009-06-29','2009-07-01','credit','Emery','D',80000,80000);
INSERT INTO ORDERS VALUES('10229','8','1016','2009-06-30','2009-07-02','visa','US Mail','A',43300,43300);



CREATE TABLE ORDERSDETAIL(
  ORDERID VARCHAR(50),
  PRODUCTID VARCHAR(50),
  QUANTITY INTEGER,
  PRICE DOUBLE
);


INSERT INTO ORDERSDETAIL VALUES('10001','OFF001',30,800);
INSERT INTO ORDERSDETAIL VALUES('10011','OFF001',30,800);
INSERT INTO ORDERSDETAIL VALUES('10026','OFF001',30,800);
INSERT INTO ORDERSDETAIL VALUES('10033','OFF001',30,800);
INSERT INTO ORDERSDETAIL VALUES('10096','OFF001',30,800);
INSERT INTO ORDERSDETAIL VALUES('10106','OFF001',30,800);
INSERT INTO ORDERSDETAIL VALUES('10118','OFF001',30,800);
INSERT INTO ORDERSDETAIL VALUES('10140','OFF001',30,800);
INSERT INTO ORDERSDETAIL VALUES('10180','OFF001',30,800);
INSERT INTO ORDERSDETAIL VALUES('10218','OFF001',30,800);
INSERT INTO ORDERSDETAIL VALUES('10001','OFF002',35,400);
INSERT INTO ORDERSDETAIL VALUES('10004','OFF002',35,400);
INSERT INTO ORDERSDETAIL VALUES('10007','OFF002',35,400);
INSERT INTO ORDERSDETAIL VALUES('10008','OFF002',35,400);
INSERT INTO ORDERSDETAIL VALUES('10013','OFF002',35,400);
INSERT INTO ORDERSDETAIL VALUES('10014','OFF002',35,400);
INSERT INTO ORDERSDETAIL VALUES('10031','OFF002',35,400);
INSERT INTO ORDERSDETAIL VALUES('10033','OFF002',35,400);
INSERT INTO ORDERSDETAIL VALUES('10034','OFF002',35,400);
INSERT INTO ORDERSDETAIL VALUES('10038','OFF002',35,400);
INSERT INTO ORDERSDETAIL VALUES('10044','OFF002',35,400);
INSERT INTO ORDERSDETAIL VALUES('10048','OFF002',35,400);
INSERT INTO ORDERSDETAIL VALUES('10050','OFF002',35,400);
INSERT INTO ORDERSDETAIL VALUES('10051','OFF002',35,400);
INSERT INTO ORDERSDETAIL VALUES('10053','OFF002',35,400);
INSERT INTO ORDERSDETAIL VALUES('10058','OFF002',35,400);
INSERT INTO ORDERSDETAIL VALUES('10073','OFF002',35,400);
INSERT INTO ORDERSDETAIL VALUES('10075','OFF002',35,400);
INSERT INTO ORDERSDETAIL VALUES('10077','OFF002',35,400);
INSERT INTO ORDERSDETAIL VALUES('10083','OFF002',35,400);
INSERT INTO ORDERSDETAIL VALUES('10090','OFF002',35,400);
INSERT INTO ORDERSDETAIL VALUES('10091','OFF002',35,400);
INSERT INTO ORDERSDETAIL VALUES('10098','OFF002',35,400);
INSERT INTO ORDERSDETAIL VALUES('10100','OFF002',35,400);
INSERT INTO ORDERSDETAIL VALUES('10103','OFF002',35,400);
INSERT INTO ORDERSDETAIL VALUES('10105','OFF002',35,400);
INSERT INTO ORDERSDETAIL VALUES('10114','OFF002',35,400);
INSERT INTO ORDERSDETAIL VALUES('10115','OFF002',35,400);
INSERT INTO ORDERSDETAIL VALUES('10120','OFF002',35,400);
INSERT INTO ORDERSDETAIL VALUES('10123','OFF002',35,400);
INSERT INTO ORDERSDETAIL VALUES('10138','OFF002',35,400);
INSERT INTO ORDERSDETAIL VALUES('10140','OFF002',35,400);
INSERT INTO ORDERSDETAIL VALUES('10141','OFF002',35,400);
INSERT INTO ORDERSDETAIL VALUES('10145','OFF002',35,400);
INSERT INTO ORDERSDETAIL VALUES('10147','OFF002',35,400);
INSERT INTO ORDERSDETAIL VALUES('10151','OFF002',35,400);
INSERT INTO ORDERSDETAIL VALUES('10153','OFF002',35,400);
INSERT INTO ORDERSDETAIL VALUES('10154','OFF002',35,400);
INSERT INTO ORDERSDETAIL VALUES('10160','OFF002',35,400);
INSERT INTO ORDERSDETAIL VALUES('10161','OFF002',35,400);
INSERT INTO ORDERSDETAIL VALUES('10178','OFF002',35,400);
INSERT INTO ORDERSDETAIL VALUES('10180','OFF002',35,400);
INSERT INTO ORDERSDETAIL VALUES('10185','OFF002',35,400);
INSERT INTO ORDERSDETAIL VALUES('10187','OFF002',35,400);
INSERT INTO ORDERSDETAIL VALUES('10194','OFF002',35,400);
INSERT INTO ORDERSDETAIL VALUES('10198','OFF002',35,400);
INSERT INTO ORDERSDETAIL VALUES('10200','OFF002',35,400);
INSERT INTO ORDERSDETAIL VALUES('10207','OFF002',35,400);
INSERT INTO ORDERSDETAIL VALUES('10214','OFF002',35,400);
INSERT INTO ORDERSDETAIL VALUES('10217','OFF002',35,400);
INSERT INTO ORDERSDETAIL VALUES('10218','OFF002',35,400);
INSERT INTO ORDERSDETAIL VALUES('10223','OFF002',35,400);
INSERT INTO ORDERSDETAIL VALUES('10003','OFF003',10,1000);
INSERT INTO ORDERSDETAIL VALUES('10004','OFF003',10,1000);
INSERT INTO ORDERSDETAIL VALUES('10008','OFF003',10,1000);
INSERT INTO ORDERSDETAIL VALUES('10009','OFF003',10,1000);
INSERT INTO ORDERSDETAIL VALUES('10011','OFF003',10,1000);
INSERT INTO ORDERSDETAIL VALUES('10018','OFF003',10,1000);
INSERT INTO ORDERSDETAIL VALUES('10028','OFF003',10,1000);
INSERT INTO ORDERSDETAIL VALUES('10029','OFF003',10,1000);
INSERT INTO ORDERSDETAIL VALUES('10038','OFF003',10,1000);
INSERT INTO ORDERSDETAIL VALUES('10041','OFF003',10,1000);
INSERT INTO ORDERSDETAIL VALUES('10043','OFF003',10,1000);
INSERT INTO ORDERSDETAIL VALUES('10046','OFF003',10,1000);
INSERT INTO ORDERSDETAIL VALUES('10047','OFF003',10,1000);
INSERT INTO ORDERSDETAIL VALUES('10049','OFF003',10,1000);
INSERT INTO ORDERSDETAIL VALUES('10053','OFF003',10,1000);
INSERT INTO ORDERSDETAIL VALUES('10054','OFF003',10,1000);
INSERT INTO ORDERSDETAIL VALUES('10058','OFF003',10,1000);
INSERT INTO ORDERSDETAIL VALUES('10061','OFF003',10,1000);
INSERT INTO ORDERSDETAIL VALUES('10066','OFF003',10,1000);
INSERT INTO ORDERSDETAIL VALUES('10071','OFF003',10,1000);
INSERT INTO ORDERSDETAIL VALUES('10081','OFF003',10,1000);
INSERT INTO ORDERSDETAIL VALUES('10087','OFF003',10,1000);
INSERT INTO ORDERSDETAIL VALUES('10093','OFF003',10,1000);
INSERT INTO ORDERSDETAIL VALUES('10096','OFF003',10,1000);
INSERT INTO ORDERSDETAIL VALUES('10097','OFF003',10,1000);
INSERT INTO ORDERSDETAIL VALUES('10098','OFF003',10,1000);
INSERT INTO ORDERSDETAIL VALUES('10099','OFF003',10,1000);
INSERT INTO ORDERSDETAIL VALUES('10101','OFF003',10,1000);
INSERT INTO ORDERSDETAIL VALUES('10104','OFF003',10,1000);
INSERT INTO ORDERSDETAIL VALUES('10106','OFF003',10,1000);
INSERT INTO ORDERSDETAIL VALUES('10109','OFF003',10,1000);
INSERT INTO ORDERSDETAIL VALUES('10111','OFF003',10,1000);
INSERT INTO ORDERSDETAIL VALUES('10113','OFF003',10,1000);
INSERT INTO ORDERSDETAIL VALUES('10116','OFF003',10,1000);
INSERT INTO ORDERSDETAIL VALUES('10117','OFF003',10,1000);
INSERT INTO ORDERSDETAIL VALUES('10118','OFF003',10,1000);
INSERT INTO ORDERSDETAIL VALUES('10129','OFF003',10,1000);
INSERT INTO ORDERSDETAIL VALUES('10136','OFF003',10,1000);
INSERT INTO ORDERSDETAIL VALUES('10139','OFF003',10,1000);
INSERT INTO ORDERSDETAIL VALUES('10149','OFF003',10,1000);
INSERT INTO ORDERSDETAIL VALUES('10149','OFF003',10,1000);
INSERT INTO ORDERSDETAIL VALUES('10151','OFF003',10,1000);
INSERT INTO ORDERSDETAIL VALUES('10156','OFF003',10,1000);
INSERT INTO ORDERSDETAIL VALUES('10157','OFF003',10,1000);
INSERT INTO ORDERSDETAIL VALUES('10158','OFF003',10,1000);
INSERT INTO ORDERSDETAIL VALUES('10161','OFF003',10,1000);
INSERT INTO ORDERSDETAIL VALUES('10164','OFF003',10,1000);
INSERT INTO ORDERSDETAIL VALUES('10169','OFF003',10,1000);
INSERT INTO ORDERSDETAIL VALUES('10174','OFF003',10,1000);
INSERT INTO ORDERSDETAIL VALUES('10178','OFF003',10,1000);
INSERT INTO ORDERSDETAIL VALUES('10183','OFF003',10,1000);
INSERT INTO ORDERSDETAIL VALUES('10187','OFF003',10,1000);
INSERT INTO ORDERSDETAIL VALUES('10187','OFF003',10,1000);
INSERT INTO ORDERSDETAIL VALUES('10189','OFF003',10,1000);
INSERT INTO ORDERSDETAIL VALUES('10193','OFF003',10,1000);
INSERT INTO ORDERSDETAIL VALUES('10194','OFF003',10,1000);
INSERT INTO ORDERSDETAIL VALUES('10196','OFF003',10,1000);
INSERT INTO ORDERSDETAIL VALUES('10207','OFF003',10,1000);
INSERT INTO ORDERSDETAIL VALUES('10213','OFF003',10,1000);
INSERT INTO ORDERSDETAIL VALUES('10216','OFF003',10,1000);
INSERT INTO ORDERSDETAIL VALUES('10226','OFF003',10,1000);
INSERT INTO ORDERSDETAIL VALUES('10228','OFF003',10,1000);
INSERT INTO ORDERSDETAIL VALUES('10001','OFF004',25,300);
INSERT INTO ORDERSDETAIL VALUES('10003','OFF004',25,300);
INSERT INTO ORDERSDETAIL VALUES('10006','OFF004',25,300);
INSERT INTO ORDERSDETAIL VALUES('10013','OFF004',25,300);
INSERT INTO ORDERSDETAIL VALUES('10017','OFF004',25,300);
INSERT INTO ORDERSDETAIL VALUES('10018','OFF004',25,300);
INSERT INTO ORDERSDETAIL VALUES('10026','OFF004',25,300);
INSERT INTO ORDERSDETAIL VALUES('10028','OFF004',25,300);
INSERT INTO ORDERSDETAIL VALUES('10030','OFF004',25,300);
INSERT INTO ORDERSDETAIL VALUES('10037','OFF004',25,300);
INSERT INTO ORDERSDETAIL VALUES('10039','OFF004',25,300);
INSERT INTO ORDERSDETAIL VALUES('10041','OFF004',25,300);
INSERT INTO ORDERSDETAIL VALUES('10043','OFF004',25,300);
INSERT INTO ORDERSDETAIL VALUES('10047','OFF004',25,300);
INSERT INTO ORDERSDETAIL VALUES('10048','OFF004',25,300);
INSERT INTO ORDERSDETAIL VALUES('10049','OFF004',25,300);
INSERT INTO ORDERSDETAIL VALUES('10053','OFF004',25,300);
INSERT INTO ORDERSDETAIL VALUES('10056','OFF004',25,300);
INSERT INTO ORDERSDETAIL VALUES('10057','OFF004',25,300);
INSERT INTO ORDERSDETAIL VALUES('10061','OFF004',25,300);
INSERT INTO ORDERSDETAIL VALUES('10067','OFF004',25,300);
INSERT INTO ORDERSDETAIL VALUES('10069','OFF004',25,300);
INSERT INTO ORDERSDETAIL VALUES('10071','OFF004',25,300);
INSERT INTO ORDERSDETAIL VALUES('10073','OFF004',25,300);
INSERT INTO ORDERSDETAIL VALUES('10078','OFF004',25,300);
INSERT INTO ORDERSDETAIL VALUES('10080','OFF004',25,300);
INSERT INTO ORDERSDETAIL VALUES('10083','OFF004',25,300);
INSERT INTO ORDERSDETAIL VALUES('10087','OFF004',25,300);
INSERT INTO ORDERSDETAIL VALUES('10089','OFF004',25,300);
INSERT INTO ORDERSDETAIL VALUES('10091','OFF004',25,300);
INSERT INTO ORDERSDETAIL VALUES('10093','OFF004',25,300);
INSERT INTO ORDERSDETAIL VALUES('10097','OFF004',25,300);
INSERT INTO ORDERSDETAIL VALUES('10099','OFF004',25,300);
INSERT INTO ORDERSDETAIL VALUES('10100','OFF004',25,300);
INSERT INTO ORDERSDETAIL VALUES('10101','OFF004',25,300);
INSERT INTO ORDERSDETAIL VALUES('10101','OFF004',25,300);
INSERT INTO ORDERSDETAIL VALUES('10108','OFF004',25,300);
INSERT INTO ORDERSDETAIL VALUES('10108','OFF004',25,300);
INSERT INTO ORDERSDETAIL VALUES('10110','OFF004',25,300);
INSERT INTO ORDERSDETAIL VALUES('10111','OFF004',25,300);
INSERT INTO ORDERSDETAIL VALUES('10113','OFF004',25,300);
INSERT INTO ORDERSDETAIL VALUES('10120','OFF004',25,300);
INSERT INTO ORDERSDETAIL VALUES('10120','OFF004',25,300);
INSERT INTO ORDERSDETAIL VALUES('10131','OFF004',25,300);
INSERT INTO ORDERSDETAIL VALUES('10133','OFF004',25,300);
INSERT INTO ORDERSDETAIL VALUES('10137','OFF004',25,300);
INSERT INTO ORDERSDETAIL VALUES('10139','OFF004',25,300);
INSERT INTO ORDERSDETAIL VALUES('10141','OFF004',25,300);
INSERT INTO ORDERSDETAIL VALUES('10146','OFF004',25,300);
INSERT INTO ORDERSDETAIL VALUES('10148','OFF004',25,300);
INSERT INTO ORDERSDETAIL VALUES('10150','OFF004',25,300);
INSERT INTO ORDERSDETAIL VALUES('10151','OFF004',25,300);
INSERT INTO ORDERSDETAIL VALUES('10159','OFF004',25,300);
INSERT INTO ORDERSDETAIL VALUES('10160','OFF004',25,300);
INSERT INTO ORDERSDETAIL VALUES('10171','OFF004',25,300);
INSERT INTO ORDERSDETAIL VALUES('10173','OFF004',25,300);
INSERT INTO ORDERSDETAIL VALUES('10176','OFF004',25,300);
INSERT INTO ORDERSDETAIL VALUES('10179','OFF004',25,300);
INSERT INTO ORDERSDETAIL VALUES('10181','OFF004',25,300);
INSERT INTO ORDERSDETAIL VALUES('10186','OFF004',25,300);
INSERT INTO ORDERSDETAIL VALUES('10188','OFF004',25,300);
INSERT INTO ORDERSDETAIL VALUES('10189','OFF004',25,300);
INSERT INTO ORDERSDETAIL VALUES('10190','OFF004',25,300);
INSERT INTO ORDERSDETAIL VALUES('10191','OFF004',25,300);
INSERT INTO ORDERSDETAIL VALUES('10197','OFF004',25,300);
INSERT INTO ORDERSDETAIL VALUES('10198','OFF004',25,300);
INSERT INTO ORDERSDETAIL VALUES('10203','OFF004',25,300);
INSERT INTO ORDERSDETAIL VALUES('10209','OFF004',25,300);
INSERT INTO ORDERSDETAIL VALUES('10210','OFF004',25,300);
INSERT INTO ORDERSDETAIL VALUES('10216','OFF004',25,300);
INSERT INTO ORDERSDETAIL VALUES('10219','OFF004',25,300);
INSERT INTO ORDERSDETAIL VALUES('10221','OFF004',25,300);
INSERT INTO ORDERSDETAIL VALUES('10227','OFF004',25,300);
INSERT INTO ORDERSDETAIL VALUES('10001','OFF005',20,400);
INSERT INTO ORDERSDETAIL VALUES('10005','OFF005',20,400);
INSERT INTO ORDERSDETAIL VALUES('10010','OFF005',20,400);
INSERT INTO ORDERSDETAIL VALUES('10029','OFF005',20,400);
INSERT INTO ORDERSDETAIL VALUES('10041','OFF005',20,400);
INSERT INTO ORDERSDETAIL VALUES('10053','OFF005',20,400);
INSERT INTO ORDERSDETAIL VALUES('10065','OFF005',20,400);
INSERT INTO ORDERSDETAIL VALUES('10077','OFF005',20,400);
INSERT INTO ORDERSDETAIL VALUES('10093','OFF005',20,400);
INSERT INTO ORDERSDETAIL VALUES('10096','OFF005',20,400);
INSERT INTO ORDERSDETAIL VALUES('10100','OFF005',20,400);
INSERT INTO ORDERSDETAIL VALUES('10105','OFF005',20,400);
INSERT INTO ORDERSDETAIL VALUES('10117','OFF005',20,400);
INSERT INTO ORDERSDETAIL VALUES('10129','OFF005',20,400);
INSERT INTO ORDERSDETAIL VALUES('10136','OFF005',20,400);
INSERT INTO ORDERSDETAIL VALUES('10141','OFF005',20,400);
INSERT INTO ORDERSDETAIL VALUES('10151','OFF005',20,400);
INSERT INTO ORDERSDETAIL VALUES('10156','OFF005',20,400);
INSERT INTO ORDERSDETAIL VALUES('10176','OFF005',20,400);
INSERT INTO ORDERSDETAIL VALUES('10186','OFF005',20,400);
INSERT INTO ORDERSDETAIL VALUES('10190','OFF005',20,400);
INSERT INTO ORDERSDETAIL VALUES('10206','OFF005',20,400);
INSERT INTO ORDERSDETAIL VALUES('10225','OFF005',20,400);
INSERT INTO ORDERSDETAIL VALUES('10004','APP001',5,8000);
INSERT INTO ORDERSDETAIL VALUES('10006','APP001',5,8000);
INSERT INTO ORDERSDETAIL VALUES('10011','APP001',5,8000);
INSERT INTO ORDERSDETAIL VALUES('10015','APP001',5,8000);
INSERT INTO ORDERSDETAIL VALUES('10018','APP001',5,8000);
INSERT INTO ORDERSDETAIL VALUES('10020','APP001',5,8000);
INSERT INTO ORDERSDETAIL VALUES('10024','APP001',5,8000);
INSERT INTO ORDERSDETAIL VALUES('10026','APP001',5,8000);
INSERT INTO ORDERSDETAIL VALUES('10028','APP001',5,8000);
INSERT INTO ORDERSDETAIL VALUES('10030','APP001',5,8000);
INSERT INTO ORDERSDETAIL VALUES('10040','APP001',5,8000);
INSERT INTO ORDERSDETAIL VALUES('10050','APP001',5,8000);
INSERT INTO ORDERSDETAIL VALUES('10052','APP001',5,8000);
INSERT INTO ORDERSDETAIL VALUES('10055','APP001',5,8000);
INSERT INTO ORDERSDETAIL VALUES('10061','APP001',5,8000);
INSERT INTO ORDERSDETAIL VALUES('10062','APP001',5,8000);
INSERT INTO ORDERSDETAIL VALUES('10064','APP001',5,8000);
INSERT INTO ORDERSDETAIL VALUES('10066','APP001',5,8000);
INSERT INTO ORDERSDETAIL VALUES('10070','APP001',5,8000);
INSERT INTO ORDERSDETAIL VALUES('10071','APP001',5,8000);
INSERT INTO ORDERSDETAIL VALUES('10072','APP001',5,8000);
INSERT INTO ORDERSDETAIL VALUES('10081','APP001',5,8000);
INSERT INTO ORDERSDETAIL VALUES('10084','APP001',5,8000);
INSERT INTO ORDERSDETAIL VALUES('10086','APP001',5,8000);
INSERT INTO ORDERSDETAIL VALUES('10092','APP001',5,8000);
INSERT INTO ORDERSDETAIL VALUES('10095','APP001',5,8000);
INSERT INTO ORDERSDETAIL VALUES('10102','APP001',5,8000);
INSERT INTO ORDERSDETAIL VALUES('10104','APP001',5,8000);
INSERT INTO ORDERSDETAIL VALUES('10111','APP001',5,8000);
INSERT INTO ORDERSDETAIL VALUES('10116','APP001',5,8000);
INSERT INTO ORDERSDETAIL VALUES('10118','APP001',5,8000);
INSERT INTO ORDERSDETAIL VALUES('10124','APP001',5,8000);
INSERT INTO ORDERSDETAIL VALUES('10125','APP001',5,8000);
INSERT INTO ORDERSDETAIL VALUES('10130','APP001',5,8000);
INSERT INTO ORDERSDETAIL VALUES('10131','APP001',5,8000);
INSERT INTO ORDERSDETAIL VALUES('10134','APP001',5,8000);
INSERT INTO ORDERSDETAIL VALUES('10135','APP001',5,8000);
INSERT INTO ORDERSDETAIL VALUES('10144','APP001',5,8000);
INSERT INTO ORDERSDETAIL VALUES('10150','APP001',5,8000);
INSERT INTO ORDERSDETAIL VALUES('10155','APP001',5,8000);
INSERT INTO ORDERSDETAIL VALUES('10158','APP001',5,8000);
INSERT INTO ORDERSDETAIL VALUES('10162','APP001',5,8000);
INSERT INTO ORDERSDETAIL VALUES('10164','APP001',5,8000);
INSERT INTO ORDERSDETAIL VALUES('10165','APP001',5,8000);
INSERT INTO ORDERSDETAIL VALUES('10170','APP001',5,8000);
INSERT INTO ORDERSDETAIL VALUES('10172','APP001',5,8000);
INSERT INTO ORDERSDETAIL VALUES('10174','APP001',5,8000);
INSERT INTO ORDERSDETAIL VALUES('10175','APP001',5,8000);
INSERT INTO ORDERSDETAIL VALUES('10182','APP001',5,8000);
INSERT INTO ORDERSDETAIL VALUES('10184','APP001',5,8000);
INSERT INTO ORDERSDETAIL VALUES('10188','APP001',5,8000);
INSERT INTO ORDERSDETAIL VALUES('10191','APP001',5,8000);
INSERT INTO ORDERSDETAIL VALUES('10196','APP001',5,8000);
INSERT INTO ORDERSDETAIL VALUES('10200','APP001',5,8000);
INSERT INTO ORDERSDETAIL VALUES('10202','APP001',5,8000);
INSERT INTO ORDERSDETAIL VALUES('10205','APP001',5,8000);
INSERT INTO ORDERSDETAIL VALUES('10208','APP001',5,8000);
INSERT INTO ORDERSDETAIL VALUES('10210','APP001',5,8000);
INSERT INTO ORDERSDETAIL VALUES('10211','APP001',5,8000);
INSERT INTO ORDERSDETAIL VALUES('10212','APP001',5,8000);
INSERT INTO ORDERSDETAIL VALUES('10215','APP001',5,8000);
INSERT INTO ORDERSDETAIL VALUES('10222','APP001',5,8000);
INSERT INTO ORDERSDETAIL VALUES('10225','APP001',5,8000);
INSERT INTO ORDERSDETAIL VALUES('10228','APP001',5,8000);
INSERT INTO ORDERSDETAIL VALUES('10003','APP002',8,3500);
INSERT INTO ORDERSDETAIL VALUES('10008','APP002',8,3500);
INSERT INTO ORDERSDETAIL VALUES('10010','APP002',8,3500);
INSERT INTO ORDERSDETAIL VALUES('10013','APP002',8,3500);
INSERT INTO ORDERSDETAIL VALUES('10015','APP002',8,3500);
INSERT INTO ORDERSDETAIL VALUES('10020','APP002',8,3500);
INSERT INTO ORDERSDETAIL VALUES('10023','APP002',8,3500);
INSERT INTO ORDERSDETAIL VALUES('10024','APP002',8,3500);
INSERT INTO ORDERSDETAIL VALUES('10025','APP002',8,3500);
INSERT INTO ORDERSDETAIL VALUES('10031','APP002',8,3500);
INSERT INTO ORDERSDETAIL VALUES('10052','APP002',8,3500);
INSERT INTO ORDERSDETAIL VALUES('10054','APP002',8,3500);
INSERT INTO ORDERSDETAIL VALUES('10060','APP002',8,3500);
INSERT INTO ORDERSDETAIL VALUES('10063','APP002',8,3500);
INSERT INTO ORDERSDETAIL VALUES('10068','APP002',8,3500);
INSERT INTO ORDERSDETAIL VALUES('10070','APP002',8,3500);
INSERT INTO ORDERSDETAIL VALUES('10072','APP002',8,3500);
INSERT INTO ORDERSDETAIL VALUES('10074','APP002',8,3500);
INSERT INTO ORDERSDETAIL VALUES('10080','APP002',8,3500);
INSERT INTO ORDERSDETAIL VALUES('10088','APP002',8,3500);
INSERT INTO ORDERSDETAIL VALUES('10098','APP002',8,3500);
INSERT INTO ORDERSDETAIL VALUES('10104','APP002',8,3500);
INSERT INTO ORDERSDETAIL VALUES('10110','APP002',8,3500);
INSERT INTO ORDERSDETAIL VALUES('10115','APP002',8,3500);
INSERT INTO ORDERSDETAIL VALUES('10121','APP002',8,3500);
INSERT INTO ORDERSDETAIL VALUES('10122','APP002',8,3500);
INSERT INTO ORDERSDETAIL VALUES('10124','APP002',8,3500);
INSERT INTO ORDERSDETAIL VALUES('10130','APP002',8,3500);
INSERT INTO ORDERSDETAIL VALUES('10131','APP002',8,3500);
INSERT INTO ORDERSDETAIL VALUES('10132','APP002',8,3500);
INSERT INTO ORDERSDETAIL VALUES('10134','APP002',8,3500);
INSERT INTO ORDERSDETAIL VALUES('10138','APP002',8,3500);
INSERT INTO ORDERSDETAIL VALUES('10143','APP002',8,3500);
INSERT INTO ORDERSDETAIL VALUES('10150','APP002',8,3500);
INSERT INTO ORDERSDETAIL VALUES('10155','APP002',8,3500);
INSERT INTO ORDERSDETAIL VALUES('10160','APP002',8,3500);
INSERT INTO ORDERSDETAIL VALUES('10162','APP002',8,3500);
INSERT INTO ORDERSDETAIL VALUES('10163','APP002',8,3500);
INSERT INTO ORDERSDETAIL VALUES('10170','APP002',8,3500);
INSERT INTO ORDERSDETAIL VALUES('10171','APP002',8,3500);
INSERT INTO ORDERSDETAIL VALUES('10172','APP002',8,3500);
INSERT INTO ORDERSDETAIL VALUES('10173','APP002',8,3500);
INSERT INTO ORDERSDETAIL VALUES('10175','APP002',8,3500);
INSERT INTO ORDERSDETAIL VALUES('10178','APP002',8,3500);
INSERT INTO ORDERSDETAIL VALUES('10188','APP002',8,3500);
INSERT INTO ORDERSDETAIL VALUES('10193','APP002',8,3500);
INSERT INTO ORDERSDETAIL VALUES('10195','APP002',8,3500);
INSERT INTO ORDERSDETAIL VALUES('10198','APP002',8,3500);
INSERT INTO ORDERSDETAIL VALUES('10200','APP002',8,3500);
INSERT INTO ORDERSDETAIL VALUES('10201','APP002',8,3500);
INSERT INTO ORDERSDETAIL VALUES('10205','APP002',8,3500);
INSERT INTO ORDERSDETAIL VALUES('10208','APP002',8,3500);
INSERT INTO ORDERSDETAIL VALUES('10210','APP002',8,3500);
INSERT INTO ORDERSDETAIL VALUES('10211','APP002',8,3500);
INSERT INTO ORDERSDETAIL VALUES('10213','APP002',8,3500);
INSERT INTO ORDERSDETAIL VALUES('10215','APP002',8,3500);
INSERT INTO ORDERSDETAIL VALUES('10221','APP002',8,3500);
INSERT INTO ORDERSDETAIL VALUES('10012','APP003',6,5000);
INSERT INTO ORDERSDETAIL VALUES('10019','APP003',6,5000);
INSERT INTO ORDERSDETAIL VALUES('10020','APP003',6,5000);
INSERT INTO ORDERSDETAIL VALUES('10025','APP003',6,5000);
INSERT INTO ORDERSDETAIL VALUES('10030','APP003',6,5000);
INSERT INTO ORDERSDETAIL VALUES('10040','APP003',6,5000);
INSERT INTO ORDERSDETAIL VALUES('10041','APP003',6,5000);
INSERT INTO ORDERSDETAIL VALUES('10042','APP003',6,5000);
INSERT INTO ORDERSDETAIL VALUES('10055','APP003',6,5000);
INSERT INTO ORDERSDETAIL VALUES('10060','APP003',6,5000);
INSERT INTO ORDERSDETAIL VALUES('10062','APP003',6,5000);
INSERT INTO ORDERSDETAIL VALUES('10064','APP003',6,5000);
INSERT INTO ORDERSDETAIL VALUES('10068','APP003',6,5000);
INSERT INTO ORDERSDETAIL VALUES('10074','APP003',6,5000);
INSERT INTO ORDERSDETAIL VALUES('10080','APP003',6,5000);
INSERT INTO ORDERSDETAIL VALUES('10081','APP003',6,5000);
INSERT INTO ORDERSDETAIL VALUES('10085','APP003',6,5000);
INSERT INTO ORDERSDETAIL VALUES('10089','APP003',6,5000);
INSERT INTO ORDERSDETAIL VALUES('10090','APP003',6,5000);
INSERT INTO ORDERSDETAIL VALUES('10092','APP003',6,5000);
INSERT INTO ORDERSDETAIL VALUES('10094','APP003',6,5000);
INSERT INTO ORDERSDETAIL VALUES('10095','APP003',6,5000);
INSERT INTO ORDERSDETAIL VALUES('10108','APP003',6,5000);
INSERT INTO ORDERSDETAIL VALUES('10119','APP003',6,5000);
INSERT INTO ORDERSDETAIL VALUES('10124','APP003',6,5000);
INSERT INTO ORDERSDETAIL VALUES('10130','APP003',6,5000);
INSERT INTO ORDERSDETAIL VALUES('10132','APP003',6,5000);
INSERT INTO ORDERSDETAIL VALUES('10144','APP003',6,5000);
INSERT INTO ORDERSDETAIL VALUES('10159','APP003',6,5000);
INSERT INTO ORDERSDETAIL VALUES('10165','APP003',6,5000);
INSERT INTO ORDERSDETAIL VALUES('10170','APP003',6,5000);
INSERT INTO ORDERSDETAIL VALUES('10171','APP003',6,5000);
INSERT INTO ORDERSDETAIL VALUES('10181','APP003',6,5000);
INSERT INTO ORDERSDETAIL VALUES('10184','APP003',6,5000);
INSERT INTO ORDERSDETAIL VALUES('10201','APP003',6,5000);
INSERT INTO ORDERSDETAIL VALUES('10204','APP003',6,5000);
INSERT INTO ORDERSDETAIL VALUES('10205','APP003',6,5000);
INSERT INTO ORDERSDETAIL VALUES('10208','APP003',6,5000);
INSERT INTO ORDERSDETAIL VALUES('10209','APP003',6,5000);
INSERT INTO ORDERSDETAIL VALUES('10215','APP003',6,5000);
INSERT INTO ORDERSDETAIL VALUES('10221','APP003',6,5000);
INSERT INTO ORDERSDETAIL VALUES('10222','APP003',6,5000);
INSERT INTO ORDERSDETAIL VALUES('10224','APP003',6,5000);
INSERT INTO ORDERSDETAIL VALUES('10228','APP003',6,5000);
INSERT INTO ORDERSDETAIL VALUES('10006','APP004',20,1000);
INSERT INTO ORDERSDETAIL VALUES('10014','APP004',20,1000);
INSERT INTO ORDERSDETAIL VALUES('10019','APP004',20,1000);
INSERT INTO ORDERSDETAIL VALUES('10036','APP004',20,1000);
INSERT INTO ORDERSDETAIL VALUES('10038','APP004',20,1000);
INSERT INTO ORDERSDETAIL VALUES('10040','APP004',20,1000);
INSERT INTO ORDERSDETAIL VALUES('10049','APP004',20,1000);
INSERT INTO ORDERSDETAIL VALUES('10050','APP004',20,1000);
INSERT INTO ORDERSDETAIL VALUES('10064','APP004',20,1000);
INSERT INTO ORDERSDETAIL VALUES('10068','APP004',20,1000);
INSERT INTO ORDERSDETAIL VALUES('10074','APP004',20,1000);
INSERT INTO ORDERSDETAIL VALUES('10078','APP004',20,1000);
INSERT INTO ORDERSDETAIL VALUES('10079','APP004',20,1000);
INSERT INTO ORDERSDETAIL VALUES('10083','APP004',20,1000);
INSERT INTO ORDERSDETAIL VALUES('10086','APP004',20,1000);
INSERT INTO ORDERSDETAIL VALUES('10088','APP004',20,1000);
INSERT INTO ORDERSDETAIL VALUES('10090','APP004',20,1000);
INSERT INTO ORDERSDETAIL VALUES('10094','APP004',20,1000);
INSERT INTO ORDERSDETAIL VALUES('10114','APP004',20,1000);
INSERT INTO ORDERSDETAIL VALUES('10119','APP004',20,1000);
INSERT INTO ORDERSDETAIL VALUES('10119','APP004',20,1000);
INSERT INTO ORDERSDETAIL VALUES('10126','APP004',20,1000);
INSERT INTO ORDERSDETAIL VALUES('10128','APP004',20,1000);
INSERT INTO ORDERSDETAIL VALUES('10138','APP004',20,1000);
INSERT INTO ORDERSDETAIL VALUES('10143','APP004',20,1000);
INSERT INTO ORDERSDETAIL VALUES('10153','APP004',20,1000);
INSERT INTO ORDERSDETAIL VALUES('10158','APP004',20,1000);
INSERT INTO ORDERSDETAIL VALUES('10159','APP004',20,1000);
INSERT INTO ORDERSDETAIL VALUES('10160','APP004',20,1000);
INSERT INTO ORDERSDETAIL VALUES('10184','APP004',20,1000);
INSERT INTO ORDERSDETAIL VALUES('10196','APP004',20,1000);
INSERT INTO ORDERSDETAIL VALUES('10199','APP004',20,1000);
INSERT INTO ORDERSDETAIL VALUES('10203','APP004',20,1000);
INSERT INTO ORDERSDETAIL VALUES('10210','APP004',20,1000);
INSERT INTO ORDERSDETAIL VALUES('10219','APP004',20,1000);
INSERT INTO ORDERSDETAIL VALUES('10220','APP004',20,1000);
INSERT INTO ORDERSDETAIL VALUES('10223','APP004',20,1000);
INSERT INTO ORDERSDETAIL VALUES('10224','APP004',20,1000);
INSERT INTO ORDERSDETAIL VALUES('10226','APP004',20,1000);
INSERT INTO ORDERSDETAIL VALUES('10229','APP004',20,1000);
INSERT INTO ORDERSDETAIL VALUES('10020','APP005',8,4500);
INSERT INTO ORDERSDETAIL VALUES('10021','APP005',8,4500);
INSERT INTO ORDERSDETAIL VALUES('10063','APP005',8,4500);
INSERT INTO ORDERSDETAIL VALUES('10065','APP005',8,4500);
INSERT INTO ORDERSDETAIL VALUES('10085','APP005',8,4500);
INSERT INTO ORDERSDETAIL VALUES('10088','APP005',8,4500);
INSERT INTO ORDERSDETAIL VALUES('10094','APP005',8,4500);
INSERT INTO ORDERSDETAIL VALUES('10128','APP005',8,4500);
INSERT INTO ORDERSDETAIL VALUES('10143','APP005',8,4500);
INSERT INTO ORDERSDETAIL VALUES('10168','APP005',8,4500);
INSERT INTO ORDERSDETAIL VALUES('10183','APP005',8,4500);
INSERT INTO ORDERSDETAIL VALUES('10204','APP005',8,4500);
INSERT INTO ORDERSDETAIL VALUES('10204','APP005',8,4500);
INSERT INTO ORDERSDETAIL VALUES('10220','APP005',8,4500);
INSERT INTO ORDERSDETAIL VALUES('10002','APP006',5,4800);
INSERT INTO ORDERSDETAIL VALUES('10007','APP006',5,4800);
INSERT INTO ORDERSDETAIL VALUES('10014','APP006',5,4800);
INSERT INTO ORDERSDETAIL VALUES('10016','APP006',5,4800);
INSERT INTO ORDERSDETAIL VALUES('10021','APP006',5,4800);
INSERT INTO ORDERSDETAIL VALUES('10051','APP006',5,4800);
INSERT INTO ORDERSDETAIL VALUES('10058','APP006',5,4800);
INSERT INTO ORDERSDETAIL VALUES('10076','APP006',5,4800);
INSERT INTO ORDERSDETAIL VALUES('10079','APP006',5,4800);
INSERT INTO ORDERSDETAIL VALUES('10087','APP006',5,4800);
INSERT INTO ORDERSDETAIL VALUES('10097','APP006',5,4800);
INSERT INTO ORDERSDETAIL VALUES('10109','APP006',5,4800);
INSERT INTO ORDERSDETAIL VALUES('10114','APP006',5,4800);
INSERT INTO ORDERSDETAIL VALUES('10121','APP006',5,4800);
INSERT INTO ORDERSDETAIL VALUES('10128','APP006',5,4800);
INSERT INTO ORDERSDETAIL VALUES('10142','APP006',5,4800);
INSERT INTO ORDERSDETAIL VALUES('10148','APP006',5,4800);
INSERT INTO ORDERSDETAIL VALUES('10154','APP006',5,4800);
INSERT INTO ORDERSDETAIL VALUES('10161','APP006',5,4800);
INSERT INTO ORDERSDETAIL VALUES('10168','APP006',5,4800);
INSERT INTO ORDERSDETAIL VALUES('10186','APP006',5,4800);
INSERT INTO ORDERSDETAIL VALUES('10192','APP006',5,4800);
INSERT INTO ORDERSDETAIL VALUES('10199','APP006',5,4800);
INSERT INTO ORDERSDETAIL VALUES('10201','APP006',5,4800);
INSERT INTO ORDERSDETAIL VALUES('10206','APP006',5,4800);
INSERT INTO ORDERSDETAIL VALUES('10217','APP006',5,4800);
INSERT INTO ORDERSDETAIL VALUES('10032','APP007',10,4500);
INSERT INTO ORDERSDETAIL VALUES('10039','APP007',10,4500);
INSERT INTO ORDERSDETAIL VALUES('10076','APP007',10,4500);
INSERT INTO ORDERSDETAIL VALUES('10078','APP007',10,4500);
INSERT INTO ORDERSDETAIL VALUES('10082','APP007',10,4500);
INSERT INTO ORDERSDETAIL VALUES('10103','APP007',10,4500);
INSERT INTO ORDERSDETAIL VALUES('10139','APP007',10,4500);
INSERT INTO ORDERSDETAIL VALUES('10142','APP007',10,4500);
INSERT INTO ORDERSDETAIL VALUES('10146','APP007',10,4500);
INSERT INTO ORDERSDETAIL VALUES('10179','APP007',10,4500);
INSERT INTO ORDERSDETAIL VALUES('10192','APP007',10,4500);
INSERT INTO ORDERSDETAIL VALUES('10219','APP007',10,4500);
INSERT INTO ORDERSDETAIL VALUES('10223','APP007',10,4500);
INSERT INTO ORDERSDETAIL VALUES('10185','OFF001',25,800);
INSERT INTO ORDERSDETAIL VALUES('10195','OFF001',25,800);
INSERT INTO ORDERSDETAIL VALUES('10044','OFF001',20,800);
INSERT INTO ORDERSDETAIL VALUES('10054','OFF001',20,800);
INSERT INTO ORDERSDETAIL VALUES('10077','OFF001',28,800);
INSERT INTO ORDERSDETAIL VALUES('10147','OFF001',28,800);
INSERT INTO ORDERSDETAIL VALUES('10157','OFF001',28,800);
INSERT INTO ORDERSDETAIL VALUES('10016','OFF002',28,400);
INSERT INTO ORDERSDETAIL VALUES('10046','OFF002',28,400);
INSERT INTO ORDERSDETAIL VALUES('10056','OFF002',28,400);
INSERT INTO ORDERSDETAIL VALUES('10066','OFF002',28,400);
INSERT INTO ORDERSDETAIL VALUES('10076','OFF002',28,400);
INSERT INTO ORDERSDETAIL VALUES('10096','OFF002',28,400);
INSERT INTO ORDERSDETAIL VALUES('10116','OFF002',28,400);
INSERT INTO ORDERSDETAIL VALUES('10136','OFF002',28,400);
INSERT INTO ORDERSDETAIL VALUES('10146','OFF002',28,400);
INSERT INTO ORDERSDETAIL VALUES('10156','OFF002',28,400);
INSERT INTO ORDERSDETAIL VALUES('10176','OFF002',28,400);
INSERT INTO ORDERSDETAIL VALUES('10216','OFF002',28,400);
INSERT INTO ORDERSDETAIL VALUES('10002','OFF002',30,400);
INSERT INTO ORDERSDETAIL VALUES('10022','OFF002',30,400);
INSERT INTO ORDERSDETAIL VALUES('10082','OFF002',30,400);
INSERT INTO ORDERSDETAIL VALUES('10102','OFF002',30,400);
INSERT INTO ORDERSDETAIL VALUES('10112','OFF002',30,400);
INSERT INTO ORDERSDETAIL VALUES('10122','OFF002',30,400);
INSERT INTO ORDERSDETAIL VALUES('10162','OFF002',30,400);
INSERT INTO ORDERSDETAIL VALUES('10192','OFF002',30,400);
INSERT INTO ORDERSDETAIL VALUES('10192','OFF002',30,400);
INSERT INTO ORDERSDETAIL VALUES('10222','OFF002',30,400);
INSERT INTO ORDERSDETAIL VALUES('10009','OFF002',32,400);
INSERT INTO ORDERSDETAIL VALUES('10029','OFF002',32,400);
INSERT INTO ORDERSDETAIL VALUES('10039','OFF002',32,400);
INSERT INTO ORDERSDETAIL VALUES('10059','OFF002',32,400);
INSERT INTO ORDERSDETAIL VALUES('10109','OFF002',32,400);
INSERT INTO ORDERSDETAIL VALUES('10129','OFF002',32,400);
INSERT INTO ORDERSDETAIL VALUES('10149','OFF002',32,400);
INSERT INTO ORDERSDETAIL VALUES('10169','OFF002',32,400);
INSERT INTO ORDERSDETAIL VALUES('10179','OFF002',32,400);
INSERT INTO ORDERSDETAIL VALUES('10189','OFF002',32,400);
INSERT INTO ORDERSDETAIL VALUES('10199','OFF002',32,400);
INSERT INTO ORDERSDETAIL VALUES('10229','OFF002',32,400);
INSERT INTO ORDERSDETAIL VALUES('10005','OFF003',12,1000);
INSERT INTO ORDERSDETAIL VALUES('10015','OFF003',12,1000);
INSERT INTO ORDERSDETAIL VALUES('10045','OFF003',12,1000);
INSERT INTO ORDERSDETAIL VALUES('10075','OFF003',12,1000);
INSERT INTO ORDERSDETAIL VALUES('10085','OFF003',12,1000);
INSERT INTO ORDERSDETAIL VALUES('10105','OFF003',12,1000);
INSERT INTO ORDERSDETAIL VALUES('10105','OFF003',12,1000);
INSERT INTO ORDERSDETAIL VALUES('10115','OFF003',12,1000);
INSERT INTO ORDERSDETAIL VALUES('10125','OFF003',12,1000);
INSERT INTO ORDERSDETAIL VALUES('10135','OFF003',12,1000);
INSERT INTO ORDERSDETAIL VALUES('10145','OFF003',12,1000);
INSERT INTO ORDERSDETAIL VALUES('10155','OFF003',12,1000);
INSERT INTO ORDERSDETAIL VALUES('10175','OFF003',12,1000);
INSERT INTO ORDERSDETAIL VALUES('10185','OFF003',12,1000);
INSERT INTO ORDERSDETAIL VALUES('10195','OFF003',12,1000);
INSERT INTO ORDERSDETAIL VALUES('10010','OFF003',8,1000);
INSERT INTO ORDERSDETAIL VALUES('10090','OFF003',8,1000);
INSERT INTO ORDERSDETAIL VALUES('10110','OFF003',8,1000);
INSERT INTO ORDERSDETAIL VALUES('10190','OFF003',8,1000);
INSERT INTO ORDERSDETAIL VALUES('10200','OFF003',8,1000);
INSERT INTO ORDERSDETAIL VALUES('10002','OFF003',15,1000);
INSERT INTO ORDERSDETAIL VALUES('10022','OFF003',15,1000);
INSERT INTO ORDERSDETAIL VALUES('10032','OFF003',15,1000);
INSERT INTO ORDERSDETAIL VALUES('10052','OFF003',15,1000);
INSERT INTO ORDERSDETAIL VALUES('10072','OFF003',15,1000);
INSERT INTO ORDERSDETAIL VALUES('10122','OFF003',15,1000);
INSERT INTO ORDERSDETAIL VALUES('10152','OFF003',15,1000);
INSERT INTO ORDERSDETAIL VALUES('10202','OFF003',15,1000);
INSERT INTO ORDERSDETAIL VALUES('10212','OFF003',15,1000);
INSERT INTO ORDERSDETAIL VALUES('10222','OFF003',15,1000);
INSERT INTO ORDERSDETAIL VALUES('10012','OFF004',15,300);
INSERT INTO ORDERSDETAIL VALUES('10032','OFF004',15,300);
INSERT INTO ORDERSDETAIL VALUES('10062','OFF004',15,300);
INSERT INTO ORDERSDETAIL VALUES('10112','OFF004',15,300);
INSERT INTO ORDERSDETAIL VALUES('10152','OFF004',15,300);
INSERT INTO ORDERSDETAIL VALUES('10152','OFF004',15,300);
INSERT INTO ORDERSDETAIL VALUES('10182','OFF004',15,300);
INSERT INTO ORDERSDETAIL VALUES('10202','OFF004',15,300);
INSERT INTO ORDERSDETAIL VALUES('10212','OFF004',15,300);
INSERT INTO ORDERSDETAIL VALUES('10005','OFF004',20,300);
INSERT INTO ORDERSDETAIL VALUES('10045','OFF004',20,300);
INSERT INTO ORDERSDETAIL VALUES('10075','OFF004',20,300);
INSERT INTO ORDERSDETAIL VALUES('10095','OFF004',20,300);
INSERT INTO ORDERSDETAIL VALUES('10125','OFF004',20,300);
INSERT INTO ORDERSDETAIL VALUES('10135','OFF004',20,300);
INSERT INTO ORDERSDETAIL VALUES('10165','OFF004',20,300);
INSERT INTO ORDERSDETAIL VALUES('10175','OFF004',20,300);
INSERT INTO ORDERSDETAIL VALUES('10225','OFF004',20,300);
INSERT INTO ORDERSDETAIL VALUES('10004','OFF004',22,300);
INSERT INTO ORDERSDETAIL VALUES('10024','OFF004',22,300);
INSERT INTO ORDERSDETAIL VALUES('10034','OFF004',22,300);
INSERT INTO ORDERSDETAIL VALUES('10084','OFF004',22,300);
INSERT INTO ORDERSDETAIL VALUES('10124','OFF004',22,300);
INSERT INTO ORDERSDETAIL VALUES('10144','OFF004',22,300);
INSERT INTO ORDERSDETAIL VALUES('10164','OFF004',22,300);
INSERT INTO ORDERSDETAIL VALUES('10184','OFF004',22,300);
INSERT INTO ORDERSDETAIL VALUES('10214','OFF004',22,300);
INSERT INTO ORDERSDETAIL VALUES('10224','OFF004',22,300);
INSERT INTO ORDERSDETAIL VALUES('10034','OFF005',22,400);
INSERT INTO ORDERSDETAIL VALUES('10044','OFF005',22,400);
INSERT INTO ORDERSDETAIL VALUES('10084','OFF005',22,400);
INSERT INTO ORDERSDETAIL VALUES('10194','OFF005',22,400);
INSERT INTO ORDERSDETAIL VALUES('10214','OFF005',22,400);
INSERT INTO ORDERSDETAIL VALUES('10048','OFF005',18,400);
INSERT INTO ORDERSDETAIL VALUES('10148','OFF005',18,400);
INSERT INTO ORDERSDETAIL VALUES('10168','OFF005',18,400);
INSERT INTO ORDERSDETAIL VALUES('10218','OFF005',18,400);
INSERT INTO ORDERSDETAIL VALUES('10022','OFF005',25,400);
INSERT INTO ORDERSDETAIL VALUES('10072','OFF005',25,400);
INSERT INTO ORDERSDETAIL VALUES('10112','OFF005',25,400);
INSERT INTO ORDERSDETAIL VALUES('10182','OFF005',25,400);
INSERT INTO ORDERSDETAIL VALUES('10023','APP001',8,8000);
INSERT INTO ORDERSDETAIL VALUES('10043','APP001',8,8000);
INSERT INTO ORDERSDETAIL VALUES('10073','APP001',8,8000);
INSERT INTO ORDERSDETAIL VALUES('10113','APP001',8,8000);
INSERT INTO ORDERSDETAIL VALUES('10123','APP001',8,8000);
INSERT INTO ORDERSDETAIL VALUES('10133','APP001',8,8000);
INSERT INTO ORDERSDETAIL VALUES('10133','APP001',8,8000);
INSERT INTO ORDERSDETAIL VALUES('10153','APP001',8,8000);
INSERT INTO ORDERSDETAIL VALUES('10173','APP001',8,8000);
INSERT INTO ORDERSDETAIL VALUES('10193','APP001',8,8000);
INSERT INTO ORDERSDETAIL VALUES('10203','APP001',8,8000);
INSERT INTO ORDERSDETAIL VALUES('10213','APP001',8,8000);
INSERT INTO ORDERSDETAIL VALUES('10017','APP001',10,8000);
INSERT INTO ORDERSDETAIL VALUES('10027','APP001',10,8000);
INSERT INTO ORDERSDETAIL VALUES('10037','APP001',10,8000);
INSERT INTO ORDERSDETAIL VALUES('10047','APP001',10,8000);
INSERT INTO ORDERSDETAIL VALUES('10067','APP001',10,8000);
INSERT INTO ORDERSDETAIL VALUES('10107','APP001',10,8000);
INSERT INTO ORDERSDETAIL VALUES('10127','APP001',10,8000);
INSERT INTO ORDERSDETAIL VALUES('10137','APP001',10,8000);
INSERT INTO ORDERSDETAIL VALUES('10167','APP001',10,8000);
INSERT INTO ORDERSDETAIL VALUES('10177','APP001',10,8000);
INSERT INTO ORDERSDETAIL VALUES('10207','APP001',10,8000);
INSERT INTO ORDERSDETAIL VALUES('10227','APP001',10,8000);
INSERT INTO ORDERSDETAIL VALUES('10009','APP001',3,8000);
INSERT INTO ORDERSDETAIL VALUES('10059','APP001',3,8000);
INSERT INTO ORDERSDETAIL VALUES('10069','APP001',3,8000);
INSERT INTO ORDERSDETAIL VALUES('10089','APP001',3,8000);
INSERT INTO ORDERSDETAIL VALUES('10099','APP001',3,8000);
INSERT INTO ORDERSDETAIL VALUES('10169','APP001',3,8000);
INSERT INTO ORDERSDETAIL VALUES('10029','APP002',3,3500);
INSERT INTO ORDERSDETAIL VALUES('10059','APP002',3,3500);
INSERT INTO ORDERSDETAIL VALUES('10069','APP002',3,3500);
INSERT INTO ORDERSDETAIL VALUES('10209','APP002',3,3500);
INSERT INTO ORDERSDETAIL VALUES('10229','APP002',3,3500);
INSERT INTO ORDERSDETAIL VALUES('10027','APP002',6,3500);
INSERT INTO ORDERSDETAIL VALUES('10057','APP002',6,3500);
INSERT INTO ORDERSDETAIL VALUES('10067','APP002',6,3500);
INSERT INTO ORDERSDETAIL VALUES('10117','APP002',6,3500);
INSERT INTO ORDERSDETAIL VALUES('10127','APP002',6,3500);
INSERT INTO ORDERSDETAIL VALUES('10157','APP002',6,3500);
INSERT INTO ORDERSDETAIL VALUES('10016','APP002',10,3500);
INSERT INTO ORDERSDETAIL VALUES('10036','APP002',10,3500);
INSERT INTO ORDERSDETAIL VALUES('10046','APP002',10,3500);
INSERT INTO ORDERSDETAIL VALUES('10106','APP002',10,3500);
INSERT INTO ORDERSDETAIL VALUES('10136','APP002',10,3500);
INSERT INTO ORDERSDETAIL VALUES('10166','APP002',10,3500);
INSERT INTO ORDERSDETAIL VALUES('10036','APP003',10,5000);
INSERT INTO ORDERSDETAIL VALUES('10056','APP003',10,5000);
INSERT INTO ORDERSDETAIL VALUES('10066','APP003',10,5000);
INSERT INTO ORDERSDETAIL VALUES('10086','APP003',10,5000);
INSERT INTO ORDERSDETAIL VALUES('10126','APP003',10,5000);
INSERT INTO ORDERSDETAIL VALUES('10226','APP003',10,5000);
INSERT INTO ORDERSDETAIL VALUES('10023','APP003',8,5000);
INSERT INTO ORDERSDETAIL VALUES('10063','APP003',8,5000);
INSERT INTO ORDERSDETAIL VALUES('10083','APP003',8,5000);
INSERT INTO ORDERSDETAIL VALUES('10143','APP003',8,5000);
INSERT INTO ORDERSDETAIL VALUES('10163','APP003',8,5000);
INSERT INTO ORDERSDETAIL VALUES('10183','APP003',8,5000);
INSERT INTO ORDERSDETAIL VALUES('10017','APP003',5,5000);
INSERT INTO ORDERSDETAIL VALUES('10037','APP003',5,5000);
INSERT INTO ORDERSDETAIL VALUES('10127','APP003',5,5000);
INSERT INTO ORDERSDETAIL VALUES('10137','APP003',5,5000);
INSERT INTO ORDERSDETAIL VALUES('10147','APP003',5,5000);
INSERT INTO ORDERSDETAIL VALUES('10167','APP003',5,5000);
INSERT INTO ORDERSDETAIL VALUES('10177','APP003',5,5000);
INSERT INTO ORDERSDETAIL VALUES('10197','APP003',5,5000);
INSERT INTO ORDERSDETAIL VALUES('10227','APP003',5,5000);
INSERT INTO ORDERSDETAIL VALUES('10057','APP004',15,1000);
INSERT INTO ORDERSDETAIL VALUES('10107','APP004',15,1000);
INSERT INTO ORDERSDETAIL VALUES('10107','APP004',15,1000);
INSERT INTO ORDERSDETAIL VALUES('10167','APP004',15,1000);
INSERT INTO ORDERSDETAIL VALUES('10177','APP004',15,1000);
INSERT INTO ORDERSDETAIL VALUES('10197','APP004',15,1000);
INSERT INTO ORDERSDETAIL VALUES('10025','APP004',18,1000);
INSERT INTO ORDERSDETAIL VALUES('10035','APP004',18,1000);
INSERT INTO ORDERSDETAIL VALUES('10055','APP004',18,1000);
INSERT INTO ORDERSDETAIL VALUES('10145','APP004',18,1000);
INSERT INTO ORDERSDETAIL VALUES('10165','APP004',18,1000);
INSERT INTO ORDERSDETAIL VALUES('10205','APP004',18,1000);
INSERT INTO ORDERSDETAIL VALUES('10215','APP004',18,1000);
INSERT INTO ORDERSDETAIL VALUES('10011','APP004',22,1000);
INSERT INTO ORDERSDETAIL VALUES('10021','APP004',22,1000);
INSERT INTO ORDERSDETAIL VALUES('10031','APP004',22,1000);
INSERT INTO ORDERSDETAIL VALUES('10121','APP004',22,1000);
INSERT INTO ORDERSDETAIL VALUES('10181','APP004',22,1000);
INSERT INTO ORDERSDETAIL VALUES('10191','APP004',22,1000);
INSERT INTO ORDERSDETAIL VALUES('10012','APP004',25,1000);
INSERT INTO ORDERSDETAIL VALUES('10042','APP004',25,1000);
INSERT INTO ORDERSDETAIL VALUES('10062','APP004',25,1000);
INSERT INTO ORDERSDETAIL VALUES('10082','APP004',25,1000);
INSERT INTO ORDERSDETAIL VALUES('10092','APP004',25,1000);
INSERT INTO ORDERSDETAIL VALUES('10102','APP004',25,1000);
INSERT INTO ORDERSDETAIL VALUES('10132','APP004',25,1000);
INSERT INTO ORDERSDETAIL VALUES('10142','APP004',25,1000);
INSERT INTO ORDERSDETAIL VALUES('10172','APP004',25,1000);
INSERT INTO ORDERSDETAIL VALUES('10042','APP005',3,4500);
INSERT INTO ORDERSDETAIL VALUES('10019','APP005',7,4500);
INSERT INTO ORDERSDETAIL VALUES('10079','APP005',7,4500);
INSERT INTO ORDERSDETAIL VALUES('10036','APP005',9,4500);
INSERT INTO ORDERSDETAIL VALUES('10126','APP005',9,4500);
INSERT INTO ORDERSDETAIL VALUES('10126','APP005',9,4500);
INSERT INTO ORDERSDETAIL VALUES('10166','APP005',9,4500);
INSERT INTO ORDERSDETAIL VALUES('10166','APP005',9,4500);
INSERT INTO ORDERSDETAIL VALUES('10206','APP005',9,4500);
INSERT INTO ORDERSDETAIL VALUES('10226','APP005',9,4500);
INSERT INTO ORDERSDETAIL VALUES('10035','APP006',7,4800);
INSERT INTO ORDERSDETAIL VALUES('10045','APP006',7,4800);
INSERT INTO ORDERSDETAIL VALUES('10065','APP006',7,4800);
INSERT INTO ORDERSDETAIL VALUES('10060','APP006',10,4800);
INSERT INTO ORDERSDETAIL VALUES('10140','APP006',10,4800);
INSERT INTO ORDERSDETAIL VALUES('10180','APP006',10,4800);
INSERT INTO ORDERSDETAIL VALUES('10220','APP006',10,4800);
INSERT INTO ORDERSDETAIL VALUES('10033','APP006',12,4800);
INSERT INTO ORDERSDETAIL VALUES('10103','APP006',12,4800);
INSERT INTO ORDERSDETAIL VALUES('10123','APP006',12,4800);
INSERT INTO ORDERSDETAIL VALUES('10163','APP006',12,4800);
INSERT INTO ORDERSDETAIL VALUES('10007','APP007',12,4500);
INSERT INTO ORDERSDETAIL VALUES('10027','APP007',12,4500);
INSERT INTO ORDERSDETAIL VALUES('10217','APP007',12,4500);
INSERT INTO ORDERSDETAIL VALUES('10051','APP007',8,4500);
INSERT INTO ORDERSDETAIL VALUES('10091','APP007',8,4500);
INSERT INTO ORDERSDETAIL VALUES('10211','APP007',8,4500);
INSERT INTO ORDERSDETAIL VALUES('10035','APP007',5,4500);
INSERT INTO ORDERSDETAIL VALUES('10070','APP007',7,4500);
INSERT INTO ORDERSDETAIL VALUES('10114','APP007',8,4500);
INSERT INTO ORDERSDETAIL VALUES('10134','APP007',8,4500);
INSERT INTO ORDERSDETAIL VALUES('10154','APP007',8,4500);
INSERT INTO ORDERSDETAIL VALUES('10174','APP007',8,4500);




CREATE TABLE PRODUCT(
  PRODUCTID VARCHAR(20) NOT NULL PRIMARY KEY,
  PRODUCTNAME VARCHAR(20),
  PRODUCERID VARCHAR(50),
  PRODUCTTYPE VARCHAR(20),
  COST DOUBLE,
  QUANTITY INTEGER
);


INSERT INTO PRODUCT VALUES('APP001','Fridge','5','Appliance',6000.0E0,200);
INSERT INTO PRODUCT VALUES('APP002','TV','4','Appliance',2000.0E0,300);
INSERT INTO PRODUCT VALUES('APP003','Disinfection cabinet','4','Appliance',3000.0E0,100);
INSERT INTO PRODUCT VALUES('APP004','DVD','5','Appliance',500.0E0,200);
INSERT INTO PRODUCT VALUES('APP005','Microwave oven','5','Appliance',3000.0E0,250);
INSERT INTO PRODUCT VALUES('APP006','Water heater','4','Appliance',3800.0E0,300);
INSERT INTO PRODUCT VALUES('APP007','Gas cooker','2','Appliance',3000.0E0,300);
INSERT INTO PRODUCT VALUES('OFF001','Projecter','1','Office',600.0E0,200);
INSERT INTO PRODUCT VALUES('OFF002','Computer dest','1','Office',300.0E0,200);
INSERT INTO PRODUCT VALUES('OFF003','Scanner','2','Office',900.0E0,100);
INSERT INTO PRODUCT VALUES('OFF004','Printer','3','Office',250.0E0,400);
INSERT INTO PRODUCT VALUES('OFF005','Fax','3','Office',300.0E0,200);


PRODUCER表
CREATE TABLE PRODUCER(
  PRODUCERID VARCHAR(50) NOT NULL PRIMARY KEY,
  PRODUCERNAME VARCHAR(20),
  CITY VARCHAR(20),
  COUNTRY VARCHAR(20)
);


INSERT INTO PRODUCER VALUES('1','Grandma Kelly','Washington','America');
INSERT INTO PRODUCER VALUES('2','New Life','NewYork','America');
INSERT INTO PRODUCER VALUES('3','Li Da Yi','ShangHai','China');
INSERT INTO PRODUCER VALUES('4','An Shun','TianJin','China');
INSERT INTO PRODUCER VALUES('5','Long Yue','JiangSu','China');




CREATE TABLE CUSTOMER(
  CUSTOMERID VARCHAR(50) NOT NULL PRIMARY KEY,
  CUSTOMERNAME VARCHAR(20),
  CITY VARCHAR(20),
  COUNTRY VARCHAR(20),
  TEL VARCHAR(50)
);


INSERT INTO CUSTOMER VALUES('1','Alex','NewYork','America','12345678');
INSERT INTO CUSTOMER VALUES('2','Marks','Washington','America','23456789');
INSERT INTO CUSTOMER VALUES('3','Mike','Washington','America','34567890');
INSERT INTO CUSTOMER VALUES('4','Double','NewYork','America','45678901');
INSERT INTO CUSTOMER VALUES('5','Yu Hao','Pekin','China','56789012');
INSERT INTO CUSTOMER VALUES('6','Xie Lina','Qin Huangdao','China','67890123');
INSERT INTO CUSTOMER VALUES('7','Liu Fang','Pekin','China','78901234');
INSERT INTO CUSTOMER VALUES('8','Fang Yi','Qin Huangdao','China','89012345');
INSERT INTO CUSTOMER VALUES('9','He Yi','Tientsin','China','88346579');
INSERT INTO CUSTOMER VALUES('10','Wang Lin','NanKing','China','67876654');
INSERT INTO CUSTOMER VALUES('11','Lin Ling','Shang Hai','China','67654456');
INSERT INTO CUSTOMER VALUES('12','Xu Wenbing','Wu Xi','China','87653445');
INSERT INTO CUSTOMER VALUES('13','Fang Fang','Su Zhou','China','34576544');
INSERT INTO CUSTOMER VALUES('14','Chen Yilin','Wu Xi','China','76898765');
INSERT INTO CUSTOMER VALUES('15','Cheng Li','Qin Huangdao','China','67654657');
INSERT INTO CUSTOMER VALUES('16','Li Ming','Amoy','China','87654567');
INSERT INTO CUSTOMER VALUES('17','Zhou Xinxing','Shen Zhen','China','87656789');
INSERT INTO CUSTOMER VALUES('18','Tang Xin','Tientsin','China','76789876');
INSERT INTO CUSTOMER VALUES('19','Wang Xuanhao','Tientsin','China','76780345');
INSERT INTO CUSTOMER VALUES('20','Fang Jianwen','NanKing','China','76545678');




CREATE TABLE STSCORE(CLASSNO VARCHAR(50),
  STUDENTNO DOUBLE,
  NAME VARCHAR(50),
  SEX VARCHAR(50),
  COURSE VARCHAR(50),
  GRADE DOUBLE
);


INSERT INTO STSCORE VALUES('Class1',1001,'Jennifer','F','English',98);
INSERT INTO STSCORE VALUES('Class1',1002,'Tommy','M','English',89);
INSERT INTO STSCORE VALUES('Class1',1003,'Alex','M','English',91);
INSERT INTO STSCORE VALUES('Class1',1004,'Jonny','F','English',99);
INSERT INTO STSCORE VALUES('Class1',1005,'Tedesco','M','English',88);
INSERT INTO STSCORE VALUES('Class1',1006,'Scofield','M','English',87);
INSERT INTO STSCORE VALUES('Class1',1007,'Sara','F','English',90);
INSERT INTO STSCORE VALUES('Class1',1008,'Hiwwit','M','English',91);
INSERT INTO STSCORE VALUES('Class1',1009,'Jonnason','F','English',92);
INSERT INTO STSCORE VALUES('Class1',1010,'Achilles','M','English',93);
INSERT INTO STSCORE VALUES('Class1',1011,'Shark','M','English',94);
INSERT INTO STSCORE VALUES('Class1',1012,'Billy','M','English',89);
INSERT INTO STSCORE VALUES('Class1',1013,'Ben','M','English',95);
INSERT INTO STSCORE VALUES('Class2',2001,'Emar','F','English',78);
INSERT INTO STSCORE VALUES('Class2',2002,'Rachel','F','English',80);
INSERT INTO STSCORE VALUES('Class2',2003,'Chandler','M','English',81);
INSERT INTO STSCORE VALUES('Class2',2004,'Joey','M','English',82);
INSERT INTO STSCORE VALUES('Class2',2005,'Bush','M','English',80);
INSERT INTO STSCORE VALUES('Class2',2006,'Lincoln','M','English',78);
INSERT INTO STSCORE VALUES('Class2',2007,'Scarllet','F','English',77);
INSERT INTO STSCORE VALUES('Class2',2008,'Echo','F','English',79);
INSERT INTO STSCORE VALUES('Class2',2009,'Peter','M','English',75);
INSERT INTO STSCORE VALUES('Class2',2010,'Vivian','F','English',76);
INSERT INTO STSCORE VALUES('Class2',2011,'James','M','English',83);
INSERT INTO STSCORE VALUES('Class2',2012,'Kurt','M','English',82);
INSERT INTO STSCORE VALUES('Class2',2013,'Beckham','M','English',81);
INSERT INTO STSCORE VALUES('Class2',2014,'Roony','M','English',84);
INSERT INTO STSCORE VALUES('Class3',3001,'Roben','M','English',65);
INSERT INTO STSCORE VALUES('Class3',3002,'Hugo','M','English',66);
INSERT INTO STSCORE VALUES('Class3',3003,'Ellen','F','English',67);
INSERT INTO STSCORE VALUES('Class3',3004,'Buffen','M','English',68);
INSERT INTO STSCORE VALUES('Class3',3005,'Dida','M','English',69);
INSERT INTO STSCORE VALUES('Class3',3006,'Carl','F','English',71);
INSERT INTO STSCORE VALUES('Class3',3007,'Bruce','M','English',72);
INSERT INTO STSCORE VALUES('Class3',3008,'Henry','M','English',73);
INSERT INTO STSCORE VALUES('Class3',3009,'Gary','M','English',74);
INSERT INTO STSCORE VALUES('Class3',3010,'Marcy','F','English',70);
INSERT INTO STSCORE VALUES('Class3',3011,'Leo','F','English',67);
INSERT INTO STSCORE VALUES('Class3',3012,'Larry','F','English',71);
INSERT INTO STSCORE VALUES('Class3',3013,'Lawrence','M','English',66);
INSERT INTO STSCORE VALUES('Class4',4001,'Frank','F','English',67);
INSERT INTO STSCORE VALUES('Class4',4002,'Edward','M','English',60);
INSERT INTO STSCORE VALUES('Class4',4003,'Solomon','M','English',59);
INSERT INTO STSCORE VALUES('Class4',4004,'Sidney','F','English',58);
INSERT INTO STSCORE VALUES('Class4',4005,'Shawn','M','English',57);
INSERT INTO STSCORE VALUES('Class4',4006,'Scott','M','English',61);
INSERT INTO STSCORE VALUES('Class4',4007,'Samuel','F','English',62);
INSERT INTO STSCORE VALUES('Class4',4008,'Neil','F','English',63);
INSERT INTO STSCORE VALUES('Class4',4009,'Oliver','M','English',61);
INSERT INTO STSCORE VALUES('Class4',4010,'Oscar','M','English',56);
INSERT INTO STSCORE VALUES('Class4',4011,'Luke','M','English',45);
INSERT INTO STSCORE VALUES('Class4',4012,'Glendon','F','English',49);
INSERT INTO STSCORE VALUES('Class4',4013,'Harrison','M','English',50);
INSERT INTO STSCORE VALUES('Class4',4014,'Ivan','M','English',54);
INSERT INTO STSCORE VALUES('Class1',1001,'Jennifer','F','Math',91);
INSERT INTO STSCORE VALUES('Class1',1002,'Tommy','M','Math',88);
INSERT INTO STSCORE VALUES('Class1',1003,'Alex','M','Math',98);
INSERT INTO STSCORE VALUES('Class1',1004,'Jonny','F','Math',100);
INSERT INTO STSCORE VALUES('Class1',1005,'Tedesco','M','Math',97);
INSERT INTO STSCORE VALUES('Class1',1006,'Scofield','M','Math',89);
INSERT INTO STSCORE VALUES('Class1',1007,'Sara','F','Math',88);
INSERT INTO STSCORE VALUES('Class1',1008,'Hiwwit','M','Math',89);
INSERT INTO STSCORE VALUES('Class1',1009,'Jonnason','F','Math',97);
INSERT INTO STSCORE VALUES('Class1',1010,'Achilles','M','Math',94);
INSERT INTO STSCORE VALUES('Class1',1011,'Shark','M','Math',94);
INSERT INTO STSCORE VALUES('Class1',1012,'Billy','M','Math',95);
INSERT INTO STSCORE VALUES('Class1',1013,'Ben','M','Math',96);
INSERT INTO STSCORE VALUES('Class2',2001,'Emar','F','Math',78);
INSERT INTO STSCORE VALUES('Class2',2002,'Rachel','F','Math',80);
INSERT INTO STSCORE VALUES('Class2',2003,'Chandler','M','Math',82);
INSERT INTO STSCORE VALUES('Class2',2004,'Joey','M','Math',81);
INSERT INTO STSCORE VALUES('Class2',2005,'Bush','M','Math',79);
INSERT INTO STSCORE VALUES('Class2',2006,'Lincoln','M','Math',77);
INSERT INTO STSCORE VALUES('Class2',2007,'Scarllet','F','Math',79);
INSERT INTO STSCORE VALUES('Class2',2008,'Echo','F','Math',80);
INSERT INTO STSCORE VALUES('Class2',2009,'Peter','M','Math',84);
INSERT INTO STSCORE VALUES('Class2',2010,'Vivian','F','Math',82);
INSERT INTO STSCORE VALUES('Class2',2011,'James','M','Math',81);
INSERT INTO STSCORE VALUES('Class2',2012,'Kurt','M','Math',78);
INSERT INTO STSCORE VALUES('Class2',2013,'Beckham','M','Math',80);
INSERT INTO STSCORE VALUES('Class2',2014,'Roony','M','Math',76);
INSERT INTO STSCORE VALUES('Class3',3001,'Roben','M','Math',67);
INSERT INTO STSCORE VALUES('Class3',3002,'Hugo','M','Math',67);
INSERT INTO STSCORE VALUES('Class3',3003,'Ellen','F','Math',70);
INSERT INTO STSCORE VALUES('Class3',3004,'Buffen','M','Math',74);
INSERT INTO STSCORE VALUES('Class3',3005,'Dida','M','Math',75);
INSERT INTO STSCORE VALUES('Class3',3006,'Carl','F','Math',72);
INSERT INTO STSCORE VALUES('Class3',3007,'Bruce','M','Math',73);
INSERT INTO STSCORE VALUES('Class3',3008,'Henry','M','Math',67);
INSERT INTO STSCORE VALUES('Class3',3009,'Gary','M','Math',68);
INSERT INTO STSCORE VALUES('Class3',3010,'Marcy','F','Math',65);
INSERT INTO STSCORE VALUES('Class3',3011,'Leo','F','Math',67);
INSERT INTO STSCORE VALUES('Class3',3012,'Larry','F','Math',67);
INSERT INTO STSCORE VALUES('Class3',3013,'Lawrence','M','Math',77);
INSERT INTO STSCORE VALUES('Class4',4001,'Frank','F','Math',45);
INSERT INTO STSCORE VALUES('Class4',4002,'Edward','M','Math',65);
INSERT INTO STSCORE VALUES('Class4',4003,'Solomon','M','Math',56);
INSERT INTO STSCORE VALUES('Class4',4004,'Sidney','F','Math',67);
INSERT INTO STSCORE VALUES('Class4',4005,'Shawn','M','Math',54);
INSERT INTO STSCORE VALUES('Class4',4006,'Scott','M','Math',43);
INSERT INTO STSCORE VALUES('Class4',4007,'Samuel','F','Math',54);
INSERT INTO STSCORE VALUES('Class4',4008,'Neil','F','Math',53);
INSERT INTO STSCORE VALUES('Class4',4009,'Oliver','M','Math',45);
INSERT INTO STSCORE VALUES('Class4',4010,'Oscar','M','Math',47);
INSERT INTO STSCORE VALUES('Class4',4011,'Luke','M','Math',57);
INSERT INTO STSCORE VALUES('Class4',4012,'Glendon','F','Math',55);
INSERT INTO STSCORE VALUES('Class4',4013,'Harrison','M','Math',54);
INSERT INTO STSCORE VALUES('Class4',4014,'Ivan','M','Math',67);
INSERT INTO STSCORE VALUES('Class1',1001,'Jennifer','F','French',97);
INSERT INTO STSCORE VALUES('Class1',1002,'Tommy','M','French',98);
INSERT INTO STSCORE VALUES('Class1',1003,'Alex','M','French',91);
INSERT INTO STSCORE VALUES('Class1',1004,'Jonny','F','French',88);
INSERT INTO STSCORE VALUES('Class1',1005,'Tedesco','M','French',88);
INSERT INTO STSCORE VALUES('Class1',1006,'Scofield','M','French',89);
INSERT INTO STSCORE VALUES('Class1',1007,'Sara','F','French',98);
INSERT INTO STSCORE VALUES('Class1',1008,'Hiwwit','M','French',90);
INSERT INTO STSCORE VALUES('Class1',1009,'Jonnason','F','French',96);
INSERT INTO STSCORE VALUES('Class1',1010,'Achilles','M','French',97);
INSERT INTO STSCORE VALUES('Class1',1011,'Shark','M','French',95);
INSERT INTO STSCORE VALUES('Class1',1012,'Billy','M','French',100);
INSERT INTO STSCORE VALUES('Class1',1013,'Ben','M','French',89);
INSERT INTO STSCORE VALUES('Class2',2001,'Emar','F','French',80);
INSERT INTO STSCORE VALUES('Class2',2002,'Rachel','F','French',78);
INSERT INTO STSCORE VALUES('Class2',2003,'Chandler','M','French',84);
INSERT INTO STSCORE VALUES('Class2',2004,'Joey','M','French',82);
INSERT INTO STSCORE VALUES('Class2',2005,'Bush','M','French',82);
INSERT INTO STSCORE VALUES('Class2',2006,'Lincoln','M','French',81);
INSERT INTO STSCORE VALUES('Class2',2007,'Scarllet','F','French',78);
INSERT INTO STSCORE VALUES('Class2',2008,'Echo','F','French',79);
INSERT INTO STSCORE VALUES('Class2',2009,'Peter','M','French',78);
INSERT INTO STSCORE VALUES('Class2',2010,'Vivian','F','French',77);
INSERT INTO STSCORE VALUES('Class2',2011,'James','M','French',77);
INSERT INTO STSCORE VALUES('Class2',2012,'Kurt','M','French',78);
INSERT INTO STSCORE VALUES('Class2',2013,'Beckham','M','French',79);
INSERT INTO STSCORE VALUES('Class2',2014,'Roony','M','French',76);
INSERT INTO STSCORE VALUES('Class3',3001,'Roben','M','French',67);
INSERT INTO STSCORE VALUES('Class3',3002,'Hugo','M','French',70);
INSERT INTO STSCORE VALUES('Class3',3003,'Ellen','F','French',71);
INSERT INTO STSCORE VALUES('Class3',3004,'Buffen','M','French',72);
INSERT INTO STSCORE VALUES('Class3',3005,'Dida','M','French',73);
INSERT INTO STSCORE VALUES('Class3',3006,'Carl','F','French',74);
INSERT INTO STSCORE VALUES('Class3',3007,'Bruce','M','French',69);
INSERT INTO STSCORE VALUES('Class3',3008,'Henry','M','French',65);
INSERT INTO STSCORE VALUES('Class3',3009,'Gary','M','French',66);
INSERT INTO STSCORE VALUES('Class3',3010,'Marcy','F','French',67);
INSERT INTO STSCORE VALUES('Class3',3011,'Leo','F','French',68);
INSERT INTO STSCORE VALUES('Class3',3012,'Larry','F','French',69);
INSERT INTO STSCORE VALUES('Class3',3013,'Lawrence','M','French',70);
INSERT INTO STSCORE VALUES('Class4',4001,'Frank','F','French',60);
INSERT INTO STSCORE VALUES('Class4',4002,'Edward','M','French',34);
INSERT INTO STSCORE VALUES('Class4',4003,'Solomon','M','French',45);
INSERT INTO STSCORE VALUES('Class4',4004,'Sidney','F','French',46);
INSERT INTO STSCORE VALUES('Class4',4005,'Shawn','M','French',60);
INSERT INTO STSCORE VALUES('Class4',4006,'Scott','M','French',67);
INSERT INTO STSCORE VALUES('Class4',4007,'Samuel','F','French',56);
INSERT INTO STSCORE VALUES('Class4',4008,'Neil','F','French',55);
INSERT INTO STSCORE VALUES('Class4',4009,'Oliver','M','French',54);
INSERT INTO STSCORE VALUES('Class4',4010,'Oscar','M','French',54);
INSERT INTO STSCORE VALUES('Class4',4011,'Luke','M','French',53);
INSERT INTO STSCORE VALUES('Class4',4012,'Glendon','F','French',59);
INSERT INTO STSCORE VALUES('Class4',4013,'Harrison','M','French',60);
INSERT INTO STSCORE VALUES('Class4',4014,'Ivan','M','French',55);
INSERT INTO STSCORE VALUES('Class1',1001,'Jennifer','F','Chemistry',96);
INSERT INTO STSCORE VALUES('Class1',1002,'Tommy','M','Chemistry',97);
INSERT INTO STSCORE VALUES('Class1',1003,'Alex','M','Chemistry',89);
INSERT INTO STSCORE VALUES('Class1',1004,'Jonny','F','Chemistry',88);
INSERT INTO STSCORE VALUES('Class1',1005,'Tedesco','M','Chemistry',87);
INSERT INTO STSCORE VALUES('Class1',1006,'Scofield','M','Chemistry',99);
INSERT INTO STSCORE VALUES('Class1',1007,'Sara','F','Chemistry',97);
INSERT INTO STSCORE VALUES('Class1',1008,'Hiwwit','M','Chemistry',98);
INSERT INTO STSCORE VALUES('Class1',1009,'Jonnason','F','Chemistry',89);
INSERT INTO STSCORE VALUES('Class1',1010,'Achilles','M','Chemistry',87);
INSERT INTO STSCORE VALUES('Class1',1011,'Shark','M','Chemistry',89);
INSERT INTO STSCORE VALUES('Class1',1012,'Billy','M','Chemistry',90);
INSERT INTO STSCORE VALUES('Class1',1013,'Ben','M','Chemistry',98);
INSERT INTO STSCORE VALUES('Class2',2001,'Emar','F','Chemistry',78);
INSERT INTO STSCORE VALUES('Class2',2002,'Rachel','F','Chemistry',87);
INSERT INTO STSCORE VALUES('Class2',2003,'Chandler','M','Chemistry',84);
INSERT INTO STSCORE VALUES('Class2',2004,'Joey','M','Chemistry',80);
INSERT INTO STSCORE VALUES('Class2',2005,'Bush','M','Chemistry',79);
INSERT INTO STSCORE VALUES('Class2',2006,'Lincoln','M','Chemistry',76);
INSERT INTO STSCORE VALUES('Class2',2007,'Scarllet','F','Chemistry',77);
INSERT INTO STSCORE VALUES('Class2',2008,'Echo','F','Chemistry',78);
INSERT INTO STSCORE VALUES('Class2',2009,'Peter','M','Chemistry',76);
INSERT INTO STSCORE VALUES('Class2',2010,'Vivian','F','Chemistry',80);
INSERT INTO STSCORE VALUES('Class2',2011,'James','M','Chemistry',77);
INSERT INTO STSCORE VALUES('Class2',2012,'Kurt','M','Chemistry',78);
INSERT INTO STSCORE VALUES('Class2',2013,'Beckham','M','Chemistry',80);
INSERT INTO STSCORE VALUES('Class2',2014,'Roony','M','Chemistry',70);
INSERT INTO STSCORE VALUES('Class3',3001,'Roben','M','Chemistry',67);
INSERT INTO STSCORE VALUES('Class3',3002,'Hugo','M','Chemistry',68);
INSERT INTO STSCORE VALUES('Class3',3003,'Ellen','F','Chemistry',69);
INSERT INTO STSCORE VALUES('Class3',3004,'Buffen','M','Chemistry',77);
INSERT INTO STSCORE VALUES('Class3',3005,'Dida','M','Chemistry',66);
INSERT INTO STSCORE VALUES('Class3',3006,'Carl','F','Chemistry',65);
INSERT INTO STSCORE VALUES('Class3',3007,'Bruce','M','Chemistry',77);
INSERT INTO STSCORE VALUES('Class3',3008,'Henry','M','Chemistry',70);
INSERT INTO STSCORE VALUES('Class3',3009,'Gary','M','Chemistry',71);
INSERT INTO STSCORE VALUES('Class3',3010,'Marcy','F','Chemistry',72);
INSERT INTO STSCORE VALUES('Class3',3011,'Leo','F','Chemistry',73);
INSERT INTO STSCORE VALUES('Class3',3012,'Larry','F','Chemistry',74);
INSERT INTO STSCORE VALUES('Class3',3013,'Lawrence','M','Chemistry',75);
INSERT INTO STSCORE VALUES('Class4',4001,'Frank','F','Chemistry',76);
INSERT INTO STSCORE VALUES('Class4',4002,'Edward','M','Chemistry',72);
INSERT INTO STSCORE VALUES('Class4',4003,'Solomon','M','Chemistry',67);
INSERT INTO STSCORE VALUES('Class4',4004,'Sidney','F','Chemistry',56);
INSERT INTO STSCORE VALUES('Class4',4005,'Shawn','M','Chemistry',34);
INSERT INTO STSCORE VALUES('Class4',4006,'Scott','M','Chemistry',47);
INSERT INTO STSCORE VALUES('Class4',4007,'Samuel','F','Chemistry',56);
INSERT INTO STSCORE VALUES('Class4',4008,'Neil','F','Chemistry',62);
INSERT INTO STSCORE VALUES('Class4',4009,'Oliver','M','Chemistry',45);
INSERT INTO STSCORE VALUES('Class4',4010,'Oscar','M','Chemistry',56);
INSERT INTO STSCORE VALUES('Class4',4011,'Luke','M','Chemistry',46);
INSERT INTO STSCORE VALUES('Class4',4012,'Glendon','F','Chemistry',65);
INSERT INTO STSCORE VALUES('Class4',4013,'Harrison','M','Chemistry',45);
INSERT INTO STSCORE VALUES('Class4',4014,'Ivan','M','Chemistry',56);
INSERT INTO STSCORE VALUES('Class1',1001,'Jennifer','F','Physics',97);
INSERT INTO STSCORE VALUES('Class1',1002,'Tommy','M','Physics',87);
INSERT INTO STSCORE VALUES('Class1',1003,'Alex','M','Physics',88);
INSERT INTO STSCORE VALUES('Class1',1004,'Jonny','F','Physics',97);
INSERT INTO STSCORE VALUES('Class1',1005,'Tedesco','M','Physics',87);
INSERT INTO STSCORE VALUES('Class1',1006,'Scofield','M','Physics',98);
INSERT INTO STSCORE VALUES('Class1',1007,'Sara','F','Physics',89);
INSERT INTO STSCORE VALUES('Class1',1008,'Hiwwit','M','Physics',91);
INSERT INTO STSCORE VALUES('Class1',1009,'Jonnason','F','Physics',99);
INSERT INTO STSCORE VALUES('Class1',1010,'Achilles','M','Physics',89);
INSERT INTO STSCORE VALUES('Class1',1011,'Shark','M','Physics',87);
INSERT INTO STSCORE VALUES('Class1',1012,'Billy','M','Physics',98);
INSERT INTO STSCORE VALUES('Class1',1013,'Ben','M','Physics',96);
INSERT INTO STSCORE VALUES('Class2',2001,'Emar','F','Physics',78);
INSERT INTO STSCORE VALUES('Class2',2002,'Rachel','F','Physics',84);
INSERT INTO STSCORE VALUES('Class2',2003,'Chandler','M','Physics',81);
INSERT INTO STSCORE VALUES('Class2',2004,'Joey','M','Physics',79);
INSERT INTO STSCORE VALUES('Class2',2005,'Bush','M','Physics',76);
INSERT INTO STSCORE VALUES('Class2',2006,'Lincoln','M','Physics',80);
INSERT INTO STSCORE VALUES('Class2',2007,'Scarllet','F','Physics',78);
INSERT INTO STSCORE VALUES('Class2',2008,'Echo','F','Physics',79);
INSERT INTO STSCORE VALUES('Class2',2009,'Peter','M','Physics',76);
INSERT INTO STSCORE VALUES('Class2',2010,'Vivian','F','Physics',76);
INSERT INTO STSCORE VALUES('Class2',2011,'James','M','Physics',88);
INSERT INTO STSCORE VALUES('Class2',2012,'Kurt','M','Physics',78);
INSERT INTO STSCORE VALUES('Class2',2013,'Beckham','M','Physics',85);
INSERT INTO STSCORE VALUES('Class2',2014,'Roony','M','Physics',78);
INSERT INTO STSCORE VALUES('Class3',3001,'Roben','M','Physics',65);
INSERT INTO STSCORE VALUES('Class3',3002,'Hugo','M','Physics',67);
INSERT INTO STSCORE VALUES('Class3',3003,'Ellen','F','Physics',68);
INSERT INTO STSCORE VALUES('Class3',3004,'Buffen','M','Physics',69);
INSERT INTO STSCORE VALUES('Class3',3005,'Dida','M','Physics',80);
INSERT INTO STSCORE VALUES('Class3',3006,'Carl','F','Physics',70);
INSERT INTO STSCORE VALUES('Class3',3007,'Bruce','M','Physics',69);
INSERT INTO STSCORE VALUES('Class3',3008,'Henry','M','Physics',71);
INSERT INTO STSCORE VALUES('Class3',3009,'Gary','M','Physics',73);
INSERT INTO STSCORE VALUES('Class3',3010,'Marcy','F','Physics',65);
INSERT INTO STSCORE VALUES('Class3',3011,'Leo','F','Physics',66);
INSERT INTO STSCORE VALUES('Class3',3012,'Larry','F','Physics',68);
INSERT INTO STSCORE VALUES('Class3',3013,'Lawrence','M','Physics',69);
INSERT INTO STSCORE VALUES('Class4',4001,'Frank','F','Physics',45);
INSERT INTO STSCORE VALUES('Class4',4002,'Edward','M','Physics',56);
INSERT INTO STSCORE VALUES('Class4',4003,'Solomon','M','Physics',56);
INSERT INTO STSCORE VALUES('Class4',4004,'Sidney','F','Physics',57);
INSERT INTO STSCORE VALUES('Class4',4005,'Shawn','M','Physics',63);
INSERT INTO STSCORE VALUES('Class4',4006,'Scott','M','Physics',66);
INSERT INTO STSCORE VALUES('Class4',4007,'Samuel','F','Physics',67);
INSERT INTO STSCORE VALUES('Class4',4008,'Neil','F','Physics',57);
INSERT INTO STSCORE VALUES('Class4',4009,'Oliver','M','Physics',56);
INSERT INTO STSCORE VALUES('Class4',4010,'Oscar','M','Physics',56);
INSERT INTO STSCORE VALUES('Class4',4011,'Luke','M','Physics',65);
INSERT INTO STSCORE VALUES('Class4',4012,'Glendon','F','Physics',45);
INSERT INTO STSCORE VALUES('Class4',4013,'Harrison','M','Physics',67);
INSERT INTO STSCORE VALUES('Class4',4014,'Ivan','M','Physics',54);
